Unnamed: 0,Producto,Peso,Categoria,Marca,Link,link,PLU,Puntos,EAN
479,Café SELLO ROJO Molido fuerte (600 gr),600 gr,Café,SELLO ROJO,https://www.exito.com/cafe-fuerte-tostado-y-molido-x-600-gr-576815/p,https://www.exito.com/cafe-fuerte-tostado-y-molido-x-600-gr-576815/p,419396,3.321,7702032106691
480,Chocolate de mesa CORONA TRADICIONAL PASTILLADO (450 gr),450 gr,Chocolate,CORONA TRADICIONAL PASTILLADO,https://www.exito.com/chocolate-de-mesa-corona-tradicional-pastillado-450-gr-3190994/p,https://www.exito.com/chocolate-de-mesa-corona-tradicional-pastillado-450-gr-3190994/p,3622642,2.279,7702007084535
481,Café AGUILA ROJA (500 gr),500 gr,Café,AGUILA ROJA,https://www.exito.com/cafe-molido-500-gr-50368/p,https://www.exito.com/cafe-molido-500-gr-50368/p,13528,2.871,7702040047009
482,Café EXITO MARCA PROPIA tostado y molido (500 gr),500 gr,Café,EXITO MARCA PROPIA,https://www.exito.com/caf-molido-x-500-gr-34378/p,https://www.exito.com/caf-molido-x-500-gr-34378/p,268952,2.414,7701001073958
483,Chocolate de mesa LA ESPECIAL pastillado con azúcar (400 gr),400 gr,Chocolate,LA ESPECIAL,https://www.exito.com/chocolate-de-mesa-pastillado-con-azucar-la-especial-400-gr-3158742/p,https://www.exito.com/chocolate-de-mesa-pastillado-con-azucar-la-especial-400-gr-3158742/p,3526075,1.679,7702007082609
484,Café JUAN VALDEZ Colina molido (454 gr),454 gr,Café,JUAN VALDEZ,https://www.exito.com/cafe-tostado-molido-juan-valdez-454-gr-3022702/p,https://www.exito.com/cafe-tostado-molido-juan-valdez-454-gr-3022702/p,3036219,4.857,7701362015956
485,Café LUKAFE tostado y molido intenso (600 gr),600 gr,Café,LUKAFE,https://www.exito.com/cafe-molido-lukafe-intenso-600g-lukafe-600-gr-3160465/p,https://www.exito.com/cafe-molido-lukafe-intenso-600g-lukafe-600-gr-3160465/p,3531587,2.700,7702088213770
486,Café instantáneo NESCAFE TRADICIÓN (231 gr),231 gr,Café,NESCAFE TRADICIÓN,https://www.exito.com/cafe-tradicion-lata-nescafe-231-gr-3026605/p,https://www.exito.com/cafe-tradicion-lata-nescafe-231-gr-3026605/p,3053139,4.400,7702024449959
487,Chocolate en polvo LYNE Endulzado (200 gr),200 gr,Chocolate,LYNE,https://www.exito.com/cacao-en-polvo-clasico-endulzado-lyne-200-gr-3122837/p,https://www.exito.com/cacao-en-polvo-clasico-endulzado-lyne-200-gr-3122837/p,3383742,2.046,7702007077995
488,Café SELLO ROJO Molido (400 gr),400 gr,Café,SELLO ROJO,https://www.exito.com/cafe-molido-872064/p,https://www.exito.com/cafe-molido-872064/p,1191804,2.114,7702032110896
489,Cafe TOSTAO Tostado y Molido (454 gr),454 gr,Cafe,TOSTAO,https://www.exito.com/cafe-tostao-tostado-y-molido-454-gr-3178996/p,https://www.exito.com/cafe-tostao-tostado-y-molido-454-gr-3178996/p,3576787,2.074,7708024204611
490,Chocolate SOL de mesa tradicional en pasta (500 gr),500 gr,Chocolate,SOL,https://www.exito.com/chocolate-con-azucar-15727/p,https://www.exito.com/chocolate-con-azucar-15727/p,5989,2.129,7702088092054
491,Café MATIZ tostión oscura y molienda gruesa (340 gr),340 gr,Café,MATIZ,https://www.exito.com/cafe-escarlata-tostado-y-molido-x-340-gr-893454/p,https://www.exito.com/cafe-escarlata-tostado-y-molido-x-340-gr-893454/p,1227280,3.471,7702032111046
492,Café instantáneo NESCAFE TRADICIÓN (50 gr),50 gr,Café,NESCAFE TRADICIÓN,https://www.exito.com/nescafe-tradicional-frasco-50-gr-67488/p,https://www.exito.com/nescafe-tradicional-frasco-50-gr-67488/p,23241,1.323,7702024004677
493,Café instantáneo NESCAFE TRADICIÓN (170 gr),170 gr,Café,NESCAFE TRADICIÓN,https://www.exito.com/nescafe-granuladox170-gramos-114962/p,https://www.exito.com/nescafe-granuladox170-gramos-114962/p,694669,3.857,7702024005803
494,Chocolate SOL 50% menos azúcar (320 gr),320 gr,Chocolate,SOL,https://www.exito.com/sol-50-menos-azucar-624033/p,https://www.exito.com/sol-50-menos-azucar-624033/p,516650,2.221,7702088190194
495,Café EKONO tostado y molido (500 gr),500 gr,Café,EKONO,https://www.exito.com/cafe-molido-ekono-x-500-gr-444791/p,https://www.exito.com/cafe-molido-ekono-x-500-gr-444791/p,438331,1.991,7701001058733
496,Crema no láctea INSTACREM original (144 gr),144 gr,Crema,INSTACREM,https://www.exito.com/instacrem-caja-x-36-sobres-15887/p,https://www.exito.com/instacrem-caja-x-36-sobres-15887/p,6066,1.304,7702354005894
497,Café JUAN VALDEZ Liofilizado avellana (95 gr),95 gr,Café,JUAN VALDEZ,https://www.exito.com/cafe-juan-valdez-liofilizado-avellana-x-95-gr-44077/p,https://www.exito.com/cafe-juan-valdez-liofilizado-avellana-x-95-gr-44077/p,1656458,3.943,7701362014904
498,Café MATIZ tostión media y molienda media (340 gr),340 gr,Café,MATIZ,https://www.exito.com/cafe-ambar-tostado-y-molido-x-340-gr-893453/p,https://www.exito.com/cafe-ambar-tostado-y-molido-x-340-gr-893453/p,1227279,3.579,7702032111039
499,Café SELLO ROJO tostado y molido (250 gr),250 gr,Café,SELLO ROJO,https://www.exito.com/cafe-molido-34895/p,https://www.exito.com/cafe-molido-34895/p,523968,1.507,7702032252190
500,Café BUENDIA Liofilizado (170 gr),170 gr,Café,BUENDIA,https://www.exito.com/cafe-buen-dia-liofilizado-170-gr-318955/p,https://www.exito.com/cafe-buen-dia-liofilizado-170-gr-318955/p,916375,4.014,7707211630929
501,Café COLCAFE clásico (250 gr),250 gr,Café,COLCAFE,https://www.exito.com/cafe-clasico-polvo-frasco-x-250-gr-570505/p,https://www.exito.com/cafe-clasico-polvo-frasco-x-250-gr-570505/p,95773,4.079,7702032053063
502,Café JUAN VALDEZ Liofilizado vanicanela (95 gr),95 gr,Café,JUAN VALDEZ,https://www.exito.com/cafe-liofilizado-vanicanela-95-gr-476976/p,https://www.exito.com/cafe-liofilizado-vanicanela-95-gr-476976/p,61201,3.800,7707211632169
503,Café LA BASTILLA tostado y molido (450 gr),450 gr,Café,LA BASTILLA,https://www.exito.com/cafe-molido-la-bastilla-450-gr-3018204/p,https://www.exito.com/cafe-molido-la-bastilla-450-gr-3018204/p,3032552,2.579,7702032115686
504,Crema no láctea INSTACREM original (430 gr),430 gr,Crema,INSTACREM,https://www.exito.com/instacrem-430-gr-840892/p,https://www.exito.com/instacrem-430-gr-840892/p,450938,2.929,7702354002114
505,Café EXITO MARCA PROPIA instantáneo granulado (85 gr),85 gr,Café,EXITO MARCA PROPIA,https://www.exito.com/cafe-instantaneo-granulado-x-85-gr-6755/p,https://www.exito.com/cafe-instantaneo-granulado-x-85-gr-6755/p,253883,1.271,7701001071787
506,Cocoa CORONA Baja en grasa (230 gr),230 gr,Cocoa,CORONA,https://www.exito.com/cocoa-superior-baja-en-grasa-x-230-gr-3264/p,https://www.exito.com/cocoa-superior-baja-en-grasa-x-230-gr-3264/p,976357,2.350,7702007031553
507,Café OMA Tostado Molido Premium (250 gr),250 gr,Café,OMA,https://www.exito.com/cafe-molido-tradicion-colombia-250-gr-876765/p,https://www.exito.com/cafe-molido-tradicion-colombia-250-gr-876765/p,761343,1.586,7702747000420
508,Chocolate GIRONES Chocolate (500 gr),500 gr,Chocolate,GIRONES,https://www.exito.com/chocolate-casero-463168/p,https://www.exito.com/chocolate-casero-463168/p,723483,2.421,7703092100025
509,Café Descafeinado NESCAFE DECAF instantáneo (100 gr),100 gr,Café,NESCAFE DECAF,https://www.exito.com/cafe-descafeinado-966294/p,https://www.exito.com/cafe-descafeinado-966294/p,1348279,2.457,7613036475273
510,Chocolate de mesa LYNE endulzado con splenda (166.4 gr),166.4 gr,Chocolate,LYNE,https://www.exito.com/chocolate-light-endulzado-lyne-1664-gr-3122839/p,https://www.exito.com/chocolate-light-endulzado-lyne-1664-gr-3122839/p,3383744,2.386,7702007078022
511,Chocolate LUKER tradicional sin azúcar (224 gr),224 gr,Chocolate,LUKER,https://www.exito.com/chocolate-luker-amargo-224-gr-3191910/p,https://www.exito.com/chocolate-luker-amargo-224-gr-3191910/p,3624959,2.529,7702088215491
512,Café JUAN VALDEZ Cumbre molido (454 gr),454 gr,Café,JUAN VALDEZ,https://www.exito.com/cafe-molido-cumbre-juan-valdez-454-gr-3027175/p,https://www.exito.com/cafe-molido-cumbre-juan-valdez-454-gr-3027175/p,3054603,6.307,7707284458406
513,Chocolate De Mesa CORONA Instantáneo (200 gr),200 gr,Chocolate,CORONA,https://www.exito.com/chocolate-de-mesa-corona-instantaneo-200-gr-3179628/p,https://www.exito.com/chocolate-de-mesa-corona-instantaneo-200-gr-3179628/p,3578473,1.324,7702007083347
514,Café BUENDIA Liofilizado (85 gr),85 gr,Café,BUENDIA,https://www.exito.com/cafe-buen-dia-liofilizado-85-gr-318958/p,https://www.exito.com/cafe-buen-dia-liofilizado-85-gr-318958/p,916412,2.450,7707211630912
515,Café CAFE QUINDIO gourmet tostado y molido (454 gr),454 gr,Café,CAFE QUINDIO,https://www.exito.com/cafe-gourmet-tostado-molido-arabica-cafe-quindio-454-gr-3124275/p,https://www.exito.com/cafe-gourmet-tostado-molido-arabica-cafe-quindio-454-gr-3124275/p,3388425,5.164,7702728231881
516,Café COLCAFE capuccino clásico (200 gr),200 gr,Café,COLCAFE,https://www.exito.com/cappuccino-clasico-colcafe-200-gr-3156702/p,https://www.exito.com/cappuccino-clasico-colcafe-200-gr-3156702/p,3517536,3.107,7702032118410
517,Chocolate EKONO tradicional (500 gr),500 gr,Chocolate,EKONO,https://www.exito.com/chocolate-tradicional-ekono-500-gr-3140249/p,https://www.exito.com/chocolate-tradicional-ekono-500-gr-3140249/p,3454319,1.569,7701001925769
518,Chocolate CORONA Con azúcar pastillas (250 gr),250 gr,Chocolate,CORONA,https://www.exito.com/chocolate-con-azucar-881219/p,https://www.exito.com/chocolate-con-azucar-881219/p,634648,1.300,7702007205053
519,Café SELLO ROJO tostado y molido (450 gr),450 gr,Café,SELLO ROJO,https://www.exito.com/cafe-molido-vive-corazon-927519/p,https://www.exito.com/cafe-molido-vive-corazon-927519/p,1298254,2.893,7702032111299
520,Café COLCAFE suave clásico (170 gr),170 gr,Café,COLCAFE,https://www.exito.com/cafe-instantaneo-x-170-gr-15701/p,https://www.exito.com/cafe-instantaneo-x-170-gr-15701/p,5982,3.086,7702032253111
521,Café COLCAFE suave clásico (85 gr),85 gr,Café,COLCAFE,https://www.exito.com/cafe-instantaneo-x-85-gr-15700/p,https://www.exito.com/cafe-instantaneo-x-85-gr-15700/p,5981,1.714,7702032253135
522,Chocolate de mesa CORONA VAINILLA PASTILLADO (450 gr),450 gr,Chocolate,CORONA VAINILLA PASTILLADO,https://www.exito.com/chocolate-de-mesa-corona-vainilla-pastillado-450-gr-3190946/p,https://www.exito.com/chocolate-de-mesa-corona-vainilla-pastillado-450-gr-3190946/p,3622558,2.414,7702007084566
523,Café MATIZ saborizado baileys (240 gr),240 gr,Café,MATIZ,https://www.exito.com/cafe-saborizado-baileys-matiz-240-gr-3130917/p,https://www.exito.com/cafe-saborizado-baileys-matiz-240-gr-3130917/p,3415888,3.150,7702032117925
524,Café SELLO ROJO Tradicional (1000 gr),1000 gr,Café,SELLO ROJO,https://www.exito.com/tradicional-bolsa-sello-rojo-1000-gr-3161773/p,https://www.exito.com/tradicional-bolsa-sello-rojo-1000-gr-3161773/p,3537583,5.386,7702032102488
525,Café instantáneo NESCAFE ARTESANO Antioquia (150 gr),150 gr,Café,NESCAFE ARTESANO,https://www.exito.com/cafe-artesano-antioquia-nescafe-150-gr-3120902/p,https://www.exito.com/cafe-artesano-antioquia-nescafe-150-gr-3120902/p,3376501,3.879,7702024849407
526,Café MATIZ Molido Suave (340 gr),340 gr,Café,MATIZ,https://www.exito.com/cafe-marfil-tostado-y-molido-x-340-gr-893452/p,https://www.exito.com/cafe-marfil-tostado-y-molido-x-340-gr-893452/p,1227278,3.497,7702032111022
527,Café LA BASTILLA fuerte (390 gr),390 gr,Café,LA BASTILLA,https://www.exito.com/cafe-fuerte-la-bastilla-390-gr-3155086/p,https://www.exito.com/cafe-fuerte-la-bastilla-390-gr-3155086/p,3511176,1.936,7702032118762
528,Café OMA Tostado Molido Tradicional (454 gr),454 gr,Café,OMA,https://www.exito.com/cafe-tostado-molido-tradicional-oma-454-gr-3114832/p,https://www.exito.com/cafe-tostado-molido-tradicional-oma-454-gr-3114832/p,3359887,2.451,7702747443951
529,Café JUAN VALDEZ Colina molido (340 gr),340 gr,Café,JUAN VALDEZ,https://www.exito.com/cafe-molido-balanceado-colina-340-gr-421032/p,https://www.exito.com/cafe-molido-balanceado-colina-340-gr-421032/p,598994,4.636,7707280883783
530,Chocolate De Mesa CORONA Clavos Y Canela (450 gr),450 gr,Chocolate,CORONA Y,https://www.exito.com/chocolate-de-mesa-corona-clavos-y-canela-450-gr-3190841/p,https://www.exito.com/chocolate-de-mesa-corona-clavos-y-canela-450-gr-3190841/p,3622453,2.279,7702007084542
531,CAFE AGUILA ROJA (400 gr),400 gr,CAFE,CAFE AGUILA ROJA,https://www.exito.com/cafe-molido-tradicional-aguila-roja-400-gr-3113108/p,https://www.exito.com/cafe-molido-tradicional-aguila-roja-400-gr-3113108/p,3353503,2.393,7702040885052
532,Café COLCAFE capuccino vainilla (270 gr),270 gr,Café,COLCAFE,https://www.exito.com/cappuccino-vainilla-colcafe-270-gr-3156704/p,https://www.exito.com/cappuccino-vainilla-colcafe-270-gr-3156704/p,3517538,3.264,7702032118441
533,Café JUAN VALDEZ Liofilizado clásico doypack (250 gr),250 gr,Café,JUAN VALDEZ,https://www.exito.com/cafe-soluble-clasico-juan-valdez-250-gr-3061408/p,https://www.exito.com/cafe-soluble-clasico-juan-valdez-250-gr-3061408/p,3173073,7.386,7707211631964
534,Café Nescafé DOLCA Soluble ahorra pack (247 gr),247 gr,Café,DOLCA,https://www.exito.com/cafe-dolca-nescafe-247-gr-3047129/p,https://www.exito.com/cafe-dolca-nescafe-247-gr-3047129/p,3128770,4.121,7702024245339
535,Chocolate de mesa TESALIA clavos y canela sin azúcar (250 gr),250 gr,Chocolate,TESALIA,https://www.exito.com/chocolate-puro-x-250-gr-64851/p,https://www.exito.com/chocolate-puro-x-250-gr-64851/p,21948,2.571,7702007061734
536,Café LA BASTILLA tostado y molido (2500 gr),2500 gr,Café,LA BASTILLA,https://www.exito.com/cafe-tostado-y-molido-medio-x-2500-gr-50281/p,https://www.exito.com/cafe-tostado-y-molido-medio-x-2500-gr-50281/p,13467,12.743,7703114201525
537,Café LUKAFE tostado y molido (400 gr),400 gr,Café,LUKAFE,https://www.exito.com/cafe-lukafe-cafe-tostado-y-molido-400-gr-3182894/p,https://www.exito.com/cafe-lukafe-cafe-tostado-y-molido-400-gr-3182894/p,3589019,2.557,7702088215552
538,Cafe TOSTAO Tostado y Molido (200 gr),200 gr,Cafe,TOSTAO,https://www.exito.com/cafe-tostao-tostado-y-molido-200-gr-3178995/p,https://www.exito.com/cafe-tostao-tostado-y-molido-200-gr-3178995/p,3576786,1.117,7708024204758
539,Café OMA Excelso En Grano (500 gr),500 gr,Café,OMA,https://www.exito.com/cafe-excelso-en-grano-500-gr-611640/p,https://www.exito.com/cafe-excelso-en-grano-500-gr-611640/p,515961,6.514,7702747000024
540,Chocolate en polvo LYNE Clásico (120 gr),120 gr,Chocolate,LYNE,https://www.exito.com/cocoa-dietaria-clasico-lyne-120-gr-3122832/p,https://www.exito.com/cocoa-dietaria-clasico-lyne-120-gr-3122832/p,3383737,1.807,7702007077841
541,Café MATIZ liofilizado (85 gr),85 gr,Café,MATIZ,https://www.exito.com/cafe-liofilizado-matiz-85-gr-3135217/p,https://www.exito.com/cafe-liofilizado-matiz-85-gr-3135217/p,3431209,2.593,7702032118397
542,Café AMOR PERFECTO (365 gr),365 gr,Café,AMOR PERFECTO,https://www.exito.com/cafe-de-origen-amor-perfecto-365-gramo-3004463/p,https://www.exito.com/cafe-de-origen-amor-perfecto-365-gramo-3004463/p,3006709,4.729,7709375032083
543,Café TOSTAO Soluble En Polvo (170 gr),170 gr,Café,TOSTAO,https://www.exito.com/cafe-en-polvo-instantaneo-tostao-170-gr-3072656/p,https://www.exito.com/cafe-en-polvo-instantaneo-tostao-170-gr-3072656/p,3214903,2.651,7702439012670
544,Cápsulas de Café NESCAFE DOLCE GUSTO Espresso Intenso (128 gr),128 gr,Cápsulas,NESCAFE DOLCE GUSTO,https://www.exito.com/dolce-gusto-espresso-intenso-306661/p,https://www.exito.com/dolce-gusto-espresso-intenso-306661/p,478226,4.400,7613031526406
545,Cafe OMA TOSTADO MOLIDO EXCELSO TIPO (340 gr),340 gr,Cafe,OMA TOSTADO MOLIDO EXCELSO TIPO,https://www.exito.com/cafe-tostado-molido-excelso-tipo-oma-340-gr-3155048/p,https://www.exito.com/cafe-tostado-molido-excelso-tipo-oma-340-gr-3155048/p,3510982,4.771,7702747633550
546,Café JUAN VALDEZ Liofilizado descafeinado (95 gr),95 gr,Café,JUAN VALDEZ,https://www.exito.com/cafe-liofilizado-descafeinado-95-gr-408947/p,https://www.exito.com/cafe-liofilizado-descafeinado-95-gr-408947/p,591506,4.779,7707211631612
547,Chocolate LUKER tradicional sin azúcar (112 gr),112 gr,Chocolate,LUKER,https://www.exito.com/chocolate-luker-amargo-112-gr-3191912/p,https://www.exito.com/chocolate-luker-amargo-112-gr-3191912/p,3624961,1.331,7702088215507
548,Café LUKAFE tostado molido intenso (400 gr),400 gr,Café,LUKAFE,https://www.exito.com/cafe-tostado-molido-intenso-lukafe-400-gr-3156561/p,https://www.exito.com/cafe-tostado-molido-intenso-lukafe-400-gr-3156561/p,3516881,2.557,7702088207205
549,Café EKONO tostado y molido (125 gr),125 gr,Café,EKONO,https://www.exito.com/cafe-molido-ekono-125-gramo-958009/p,https://www.exito.com/cafe-molido-ekono-125-gramo-958009/p,958531,627,7701001086125
550,Café LA BASTILLA tostado y molido (250 gr),250 gr,Café,LA BASTILLA,https://www.exito.com/cafe-tostado-y-molido-suave-x-250-gr-50272/p,https://www.exito.com/cafe-tostado-y-molido-suave-x-250-gr-50272/p,13461,1.400,7703114201310
551,Chocolate CHOCOEXPRESS sin azúcar (200 gr),200 gr,Chocolate,CHOCOEXPRESS,https://www.exito.com/chocoexpress-sin-azucar-237755/p,https://www.exito.com/chocoexpress-sin-azucar-237755/p,593845,1.950,7702088165048
552,Chocolate EKONO clavos y canela (500 gr),500 gr,Chocolate,EKONO,https://www.exito.com/chocolate-clavos-y-canela-ekono-500-gr-3140248/p,https://www.exito.com/chocolate-clavos-y-canela-ekono-500-gr-3140248/p,3454318,1.569,7701001925752
553,Café CAFE QUINDIO gourmet cápsulas x10und (55 gr),55 gr,Café,CAFE QUINDIO,https://www.exito.com/capsula-gourmet-752718/p,https://www.exito.com/capsula-gourmet-752718/p,1055017,4.000,7702728230648
554,Café TOSTAO Tostado Y Molido Selecto (340 gr),340 gr,Café,TOSTAO Y,https://www.exito.com/cafe-tostao-tostado-y-molido-selecto-340-gr-3193552/p,https://www.exito.com/cafe-tostao-tostado-y-molido-selecto-340-gr-3193552/p,3629607,1.703,7708024204154
555,café DORIGENN (340 gr),340 gr,café,DORIGENN,https://www.exito.com/caf-molido-orinoquia-343680/p,https://www.exito.com/caf-molido-orinoquia-343680/p,1393330,4.614,7709507213373
556,Café AMOR PERFECTO (365 gr),365 gr,Café,AMOR PERFECTO,https://www.exito.com/cafe-de-origen-amor-perfecto-365-gramo-3004471/p,https://www.exito.com/cafe-de-origen-amor-perfecto-365-gramo-3004471/p,3006717,4.793,7709990326802
557,Café instantáneo NESCAFE TRADICIÓN frasco gratis MILO (170 gr),170 gr,Café,NESCAFE TRADICIÓN MILO,https://www.exito.com/cafe-tradicion-nescafe-170-gr-3143117/p,https://www.exito.com/cafe-tradicion-nescafe-170-gr-3143117/p,3466302,3.857,7702024643449
558,Chocolate en polvo LYNE Clavos y canela (120 gr),120 gr,Chocolate,LYNE,https://www.exito.com/cocoa-dietaria-clavos-y-canela-lyne-120-gr-3122835/p,https://www.exito.com/cocoa-dietaria-clavos-y-canela-lyne-120-gr-3122835/p,3383740,1.857,7702007077926
559,Crema OMA (430 gr),430 gr,Crema,OMA,https://www.exito.com/crema-no-lactea-bolsa-430-gr-795012/p,https://www.exito.com/crema-no-lactea-bolsa-430-gr-795012/p,766480,3.707,7702747008167
560,Café SALENTO molido premium origen Quíndio (500 gr),500 gr,Café,SALENTO,https://www.exito.com/cafe-premium-molido-salento-500-gramo-833182/p,https://www.exito.com/cafe-premium-molido-salento-500-gramo-833182/p,1110331,7.786,7709990606775
561,Café EXITO MARCA PROPIA instantáneo granulado (170 gr),170 gr,Café,EXITO MARCA PROPIA,https://www.exito.com/cafe-inst-solubl-granulado-ex-6756/p,https://www.exito.com/cafe-inst-solubl-granulado-ex-6756/p,253898,2.469,7701001069241
562,Café EXITO MARCA PROPIA instantáneo original (85 gr),85 gr,Café,EXITO MARCA PROPIA,https://www.exito.com/cafe-instantaneo-pulverizado-x-85-gr-6752/p,https://www.exito.com/cafe-instantaneo-pulverizado-x-85-gr-6752/p,251157,1.184,7701001071794
563,Chocolate de mesa CORONA 0% azúcar endulzado naturalmente (166.4 gr),166.4 gr,Chocolate,CORONA,https://www.exito.com/chocolate-endulzado-con-stevia-corona-1664-gr-3083476/p,https://www.exito.com/chocolate-endulzado-con-stevia-corona-1664-gr-3083476/p,3260353,1.993,7702007075663
564,Café NESCAFE TRADICIÓN Instantáneo 85 gr,,Café,NESCAFE TRADICIÓN,https://www.exito.com/nescafe-tradicional-x-85-gramos-118999/p,https://www.exito.com/nescafe-tradicional-x-85-gramos-118999/p,561496,2.279,7702024005780
565,Chocolate EKONO tradicional (250 gr),250 gr,Chocolate,EKONO,https://www.exito.com/chocolate-tradicional-ekono-250-gr-3140250/p,https://www.exito.com/chocolate-tradicional-ekono-250-gr-3140250/p,3454320,943,7701001925776
566,Café COLCAFE clásico (50 gr),50 gr,Café,COLCAFE,https://www.exito.com/cafe-instantaneo-vainilla-x-50-gr-361157/p,https://www.exito.com/cafe-instantaneo-vainilla-x-50-gr-361157/p,443010,1.369,7702032253074
567,Chocolate LUKER Amargo (250 gr),250 gr,Chocolate,LUKER,https://www.exito.com/chocolate-amargo-15898/p,https://www.exito.com/chocolate-amargo-15898/p,6076,2.557,7702088012021
568,Café Nescafé DOLCA Soluble frasco (170 gr),170 gr,Café,DOLCA,https://www.exito.com/nescafe-dolca-dawn-jar-392866/p,https://www.exito.com/nescafe-dolca-dawn-jar-392866/p,694528,2.779,7702024059875
569,Café EXITO MARCA PROPIA instantáneo granulado (50 gr),50 gr,Café,EXITO MARCA PROPIA,https://www.exito.com/cafe-instantaneo-soluble-granulado-x-50-gr-876061/p,https://www.exito.com/cafe-instantaneo-soluble-granulado-x-50-gr-876061/p,283642,850,7701001071800
570,Café BUENDIA Clásico (300 gr),300 gr,Café,BUENDIA,https://www.exito.com/cafe-clasico-buendia-300-gr-3091244/p,https://www.exito.com/cafe-clasico-buendia-300-gr-3091244/p,3289460,5.700,7707211630851
571,Cacao TOSH En polvo (200 gr),200 gr,Cacao,TOSH,https://www.exito.com/cacao-en-polvo-tosh-200-gr-3022507/p,https://www.exito.com/cacao-en-polvo-tosh-200-gr-3022507/p,3035454,3.264,7702007069686
572,Cápsulas de Café NESCAFE DOLCE GUSTO Americano (128 gr),128 gr,Cápsulas,NESCAFE DOLCE GUSTO,https://www.exito.com/capsulas-de-cafe-americano-nescafe-dolce-gusto-128-gramo-3000074/p,https://www.exito.com/capsulas-de-cafe-americano-nescafe-dolce-gusto-128-gramo-3000074/p,3000108,4.400,7613036693103
573,Chocolate de mesa CORONA delicatto (142 gr),142 gr,Chocolate,CORONA,https://www.exito.com/chocolate-de-mesa-delicatto-corona-142-gr-3035819/p,https://www.exito.com/chocolate-de-mesa-delicatto-corona-142-gr-3035819/p,3086676,1.364,7702007069730
574,Chocolate de mesa LA ESPECIAL pastillado clavos y canela (400 gr),400 gr,Chocolate,LA ESPECIAL,https://www.exito.com/chocolate-de-mesa-pastillado-clavo-y-canela-la-especial-400-gr-3158744/p,https://www.exito.com/chocolate-de-mesa-pastillado-clavo-y-canela-la-especial-400-gr-3158744/p,3526077,1.821,7702007082623
575,Café BUENDIA Vainilla (85 gr),85 gr,Café,BUENDIA,https://www.exito.com/cafe-con-sabor-a-vainilla-x-85-gr-912523/p,https://www.exito.com/cafe-con-sabor-a-vainilla-x-85-gr-912523/p,1275026,2.829,7707211632541
576,Chocolate de mesa CORONA Tradicional (500 gr),500 gr,Chocolate,CORONA,https://www.exito.com/chocolate-de-mesa-corona-tradicional-500-gr-3179772/p,https://www.exito.com/chocolate-de-mesa-corona-tradicional-500-gr-3179772/p,3578861,2.514,7702007083354
577,Café TOSTAO tricpark (1362 gr),1362 gr,Café,TOSTAO,https://www.exito.com/cafe-tostao-tricpark-1362-gr-3185383/p,https://www.exito.com/cafe-tostao-tricpark-1362-gr-3185383/p,3600529,5.611,7708323728597
578,Chocolate LUKER de mesa granulado (250 gr),250 gr,Chocolate,LUKER,https://www.exito.com/chocolate-luker-facil-x-250-gr-458416/p,https://www.exito.com/chocolate-luker-facil-x-250-gr-458416/p,778679,1.450,7702088012984
579,Café TOSTAO Gourmet Tostado Y Molido (454 gr),454 gr,Café,TOSTAO Y,https://www.exito.com/cafe-tostado-mol-gourmet-tostao-454-gr-3068640/p,https://www.exito.com/cafe-tostado-mol-gourmet-tostao-454-gr-3068640/p,3201410,2.794,7702439044787
580,Café EXITO MARCA PROPIA instantáneo original (170 gr),170 gr,Café,EXITO MARCA PROPIA,https://www.exito.com/cafe-instantaneo-soluble-pulverizado-x-170-gr-6753/p,https://www.exito.com/cafe-instantaneo-soluble-pulverizado-x-170-gr-6753/p,251334,2.240,7701001069234
581,Café SELLO ROJO tostado y molido (120 gr),120 gr,Café,SELLO ROJO,https://www.exito.com/cafe-vainilla-medio-tostado-y-molido-x-120-gr-88871/p,https://www.exito.com/cafe-vainilla-medio-tostado-y-molido-x-120-gr-88871/p,326275,1.156,7702032102785
582,Café Nescafé DOLCA Soluble frasco (85 gr),85 gr,Café,DOLCA,https://www.exito.com/nescafe-dolca-dawn-jar-392867/p,https://www.exito.com/nescafe-dolca-dawn-jar-392867/p,694665,1.283,7702024059998
583,Café OMA Molido Linea Selecta (400 gr),400 gr,Café,OMA,https://www.exito.com/cafe-tostado-molido-dulces-acidas-oma-400-gr-3114857/p,https://www.exito.com/cafe-tostado-molido-dulces-acidas-oma-400-gr-3114857/p,3360059,3.814,7702747950701
584,Chocolate De Mesa CORONA Tradicional Pastillado (200 gr),200 gr,Chocolate,CORONA,https://www.exito.com/chocolate-de-mesa-corona-tradicional-pastillado-200-gr-3190953/p,https://www.exito.com/chocolate-de-mesa-corona-tradicional-pastillado-200-gr-3190953/p,3622565,1.284,7702007085471
585,Café JUAN VALDEZ Liofilizado clásico (95 gr),95 gr,Café,JUAN VALDEZ,https://www.exito.com/cafe-liofilizado-en-frasco-95-gr-958460/p,https://www.exito.com/cafe-liofilizado-en-frasco-95-gr-958460/p,819302,4.136,7707211631469
586,Chocolate LUKER mesa tradicional con azúcar morena (400 gr),400 gr,Chocolate,LUKER,https://www.exito.com/chocolate-luker-mesa-tradicional-azucar-morena-400-gr-3187404/p,https://www.exito.com/chocolate-luker-mesa-tradicional-azucar-morena-400-gr-3187404/p,3611111,1.686,7702088214579
587,Chocolate de mesa LA ESPECIAL pastillado vainilla (400 gr),400 gr,Chocolate,LA ESPECIAL,https://www.exito.com/chocolate-de-mesa-pastillado-vainilla-la-especial-400-gr-3158743/p,https://www.exito.com/chocolate-de-mesa-pastillado-vainilla-la-especial-400-gr-3158743/p,3526076,1.821,7702007082616
588,Café JUAN VALDEZ Liofilizado clásico (50 gr),50 gr,Café,JUAN VALDEZ,https://www.exito.com/cafe-liofilizado-en-frasco-50-gr-958456/p,https://www.exito.com/cafe-liofilizado-en-frasco-50-gr-958456/p,764210,2.429,7707211631452
589,Café CAFE QUINDIO gourmet tostado en grano (454 gr),454 gr,Café,CAFE QUINDIO,https://www.exito.com/cafe-gourmet-arabica-premium-excels-cafe-quindio-454-gr-3124276/p,https://www.exito.com/cafe-gourmet-arabica-premium-excels-cafe-quindio-454-gr-3124276/p,3388426,6.229,7702728231898
590,Chocolate Mesa CORONA Clavos y Canela (200 gr),200 gr,Chocolate,CORONA,https://www.exito.com/chocolate-mesa-corona-clavos-y-canela-200-gr-3179806/p,https://www.exito.com/chocolate-mesa-corona-clavos-y-canela-200-gr-3179806/p,3578932,1.309,7702007083101
591,Café JUAN VALDEZ Liofilizado dulce de leche (95 gr),95 gr,Café,JUAN VALDEZ,https://www.exito.com/cafe-juan-valdez-liofilizado-dulce-de-leche-x-95-gr-44442/p,https://www.exito.com/cafe-juan-valdez-liofilizado-dulce-de-leche-x-95-gr-44442/p,1656459,3.943,7701362014881
592,Café BUENDIA Amaretto (85 gr),85 gr,Café,BUENDIA,https://www.exito.com/cafe-amaretto-687019/p,https://www.exito.com/cafe-amaretto-687019/p,89171,2.829,7707211632206
593,Café BUENDIA Descafeinado (85 gr),85 gr,Café,BUENDIA,https://www.exito.com/cafe-liofilizado-descafeinado-85-gr-395775/p,https://www.exito.com/cafe-liofilizado-descafeinado-85-gr-395775/p,317410,2.643,7707211631209
594,Café EKONO tostado y molido (250 gr),250 gr,Café,EKONO,https://www.exito.com/cafe-tostado-molido-ekono-x-gr-445190/p,https://www.exito.com/cafe-tostado-molido-ekono-x-gr-445190/p,258027,1.256,7701001058993
595,Café instantáneo NESCAFE ARTESANO Santuario Risaralda (150 gr),150 gr,Café,NESCAFE ARTESANO,https://www.exito.com/cafe-artesano-santuario-nescafe-150-gr-3120901/p,https://www.exito.com/cafe-artesano-santuario-nescafe-150-gr-3120901/p,3376500,3.886,7702024525035
596,Cocoa CORONA Baja en grasa (100 gr),100 gr,Cocoa,CORONA,https://www.exito.com/cocoa-superior-baja-en-grasa-x-100-gr-3266/p,https://www.exito.com/cocoa-superior-baja-en-grasa-x-100-gr-3266/p,976421,1.571,7702007031560
597,Café MATIZ liofilizado (170 gr),170 gr,Café,MATIZ,https://www.exito.com/cafe-liofilizado-matiz-170-gr-3129485/p,https://www.exito.com/cafe-liofilizado-matiz-170-gr-3129485/p,3409475,4.014,7702032118113
598,Café SELLO ROJO tostado y molido (125 gr),125 gr,Café,SELLO ROJO,https://www.exito.com/cafe-laminado-881209/p,https://www.exito.com/cafe-laminado-881209/p,634230,773,7702032252251
599,Café AGUILA ROJA (250 gr),250 gr,Café,AGUILA ROJA,https://www.exito.com/cafe-molido-250-gr-50372/p,https://www.exito.com/cafe-molido-250-gr-50372/p,13532,1.303,7702040027001
600,Café JUAN VALDEZ Liofilizado chocolate (95 gr),95 gr,Café,JUAN VALDEZ,https://www.exito.com/cafe-liofilizado-chocolate-95-gr-58371/p,https://www.exito.com/cafe-liofilizado-chocolate-95-gr-58371/p,808297,3.800,7707211631865
601,Chocolate de mesa LYNE clavos y canela (166.4 gr),166.4 gr,Chocolate,LYNE,https://www.exito.com/chocolate-light-clavos-y-canela-lyne-1664-gr-3122836/p,https://www.exito.com/chocolate-light-clavos-y-canela-lyne-1664-gr-3122836/p,3383741,2.186,7702007077933
602,Chocolate TAEQ en polvo con stevia (200 gr),200 gr,Chocolate,TAEQ,https://www.exito.com/chocomelt-taeq-200-gr-3128980/p,https://www.exito.com/chocomelt-taeq-200-gr-3128980/p,3407659,2.179,7701001946580
603,Café COLCAFE con leche (220 gr),220 gr,Café,COLCAFE,https://www.exito.com/cafe-con-leche-colcafe-220-gr-3123071/p,https://www.exito.com/cafe-con-leche-colcafe-220-gr-3123071/p,3384491,1.871,7702032117789
604,Café COLCAFE 3 en 1 más cremoso (418 gr),418 gr,Café,COLCAFE,https://www.exito.com/cafe-3-en-1-mas-cremoso-colcafe-418-gr-3133973/p,https://www.exito.com/cafe-3-en-1-mas-cremoso-colcafe-418-gr-3133973/p,3427389,3.586,7702032118151
605,Café BUENDIA Liofilizado (340 gr),340 gr,Café,BUENDIA,https://www.exito.com/cafe-buendia-liofilizado-340-gr-727704/p,https://www.exito.com/cafe-buendia-liofilizado-340-gr-727704/p,667292,7.957,7707211631445
606,Café MATIZ tostión media y molienda gruesa (340 gr),340 gr,Café,MATIZ,https://www.exito.com/cafe-molido-premium-matiz-340-gramo-373236/p,https://www.exito.com/cafe-molido-premium-matiz-340-gramo-373236/p,1774239,4.193,7702032115150
607,Café SELLO ROJO tostado y molido (250 gr),250 gr,Café,SELLO ROJO,https://www.exito.com/cafe-descafeinado-medio-tostado-y-molido-x-250-gr-661132/p,https://www.exito.com/cafe-descafeinado-medio-tostado-y-molido-x-250-gr-661132/p,666452,2.343,7702032252770
608,Café TOSTAO Soluble Instantáneo Granulado (85 gr),85 gr,Café,TOSTAO,https://www.exito.com/cafe-granulado-instantaneo-tostao-85-gr-3072667/p,https://www.exito.com/cafe-granulado-instantaneo-tostao-85-gr-3072667/p,3214955,1.691,7702439135126
609,Crema no láctea INSTACREM suave (450 gr),450 gr,Crema,INSTACREM,https://www.exito.com/instacrem-sin-lactosa-light-450-gr-642210/p,https://www.exito.com/instacrem-sin-lactosa-light-450-gr-642210/p,610875,3.114,7702354133016
610,Café COLCAFE 3 en 1 crema y endulzante (310 gr),310 gr,Café,COLCAFE,https://www.exito.com/cafe-instantaneo-3-en-1-colcafe-310-gr-3133246/p,https://www.exito.com/cafe-instantaneo-3-en-1-colcafe-310-gr-3133246/p,3423471,4.421,7702032118328
611,Café TOSTAO Soluble Instantáneo Granulado (170 gr),170 gr,Café,TOSTAO,https://www.exito.com/cafe-instant-granulad-colombia-tostao-170-gr-3072668/p,https://www.exito.com/cafe-instant-granulad-colombia-tostao-170-gr-3072668/p,3214956,2.840,7702439755133
612,Chocolate CORONA Tradicional (1000 gr),1000 gr,Chocolate,CORONA,https://www.exito.com/of-2chocolt-x16past-gts-chocol-corona-1000-gr-728202/p,https://www.exito.com/of-2chocolt-x16past-gts-chocol-corona-1000-gr-728202/p,8718,4.300,7702007058833
613,Chocolate LUKER clavos canela light (156.2 gr),156.2 gr,Chocolate,LUKER,https://www.exito.com/chocolate-clavos-canela-light-luker-1562-gr-3031798/p,https://www.exito.com/chocolate-clavos-canela-light-luker-1562-gr-3031798/p,3070519,1.936,7702088204488
614,Café NESCAFE BLACK (170 gr),170 gr,Café,NESCAFE BLACK,https://www.exito.com/cafe-black-tostado-intenso-nescafe-170-gr-3161836/p,https://www.exito.com/cafe-black-tostado-intenso-nescafe-170-gr-3161836/p,3537728,3.536,7506475120210
615,DOLCE GUSTO NESCAFE DOLCE GUSTO CHOCOCHINO (170 gr),170 gr,DOLCE,DOLCE GUSTO NESCAFE DOLCE GUSTO CHOCOCHINO,https://www.exito.com/dolce-gusto-nescafe-dolce-gusto-chocochino-170-gr-3190011/p,https://www.exito.com/dolce-gusto-nescafe-dolce-gusto-chocochino-170-gr-3190011/p,3619898,3.286,7891000403587
616,Cacao LUKER en polvo con splenda (200 gr),200 gr,Cacao,LUKER,https://www.exito.com/cacao-polvo-express-luker-200-gr-3046729/p,https://www.exito.com/cacao-polvo-express-luker-200-gr-3046729/p,3126906,2.343,7702088206277
617,Kit café JUAN VALDEZ x4 sachets origen (280 gr),280 gr,Kit,JUAN VALDEZ,https://www.exito.com/kit-4-sachets-origen-x-280-gr-135799/p,https://www.exito.com/kit-4-sachets-origen-x-280-gr-135799/p,907221,4.143,7701362002918
618,Café MATIZ Ébano Medio Fuerte (340 gr),340 gr,Café,MATIZ,https://www.exito.com/cafe-ebano-tostado-y-molido-x-340-gr-893455/p,https://www.exito.com/cafe-ebano-tostado-y-molido-x-340-gr-893455/p,1227281,3.464,7702032111053
619,Café EXITO MARCA PROPIA instantáneo original (50 gr),50 gr,Café,EXITO MARCA PROPIA,https://www.exito.com/caf-instantaneo-pulverizado-x-50-gr-917288/p,https://www.exito.com/caf-instantaneo-pulverizado-x-50-gr-917288/p,977397,779,7701001071817
620,Chocolate CORONA Con azúcar (250 gr),250 gr,Chocolate,CORONA,https://www.exito.com/chocolate-de-mesa-con-azucar-x-10-pastillas-x-250-gr-881221/p,https://www.exito.com/chocolate-de-mesa-con-azucar-x-10-pastillas-x-250-gr-881221/p,634664,1.284,7702007205046
621,Crema no láctea INSTACREM suave (144 gr),144 gr,Crema,INSTACREM,https://www.exito.com/instacrem-caja-light-en-sobres-x-36-und-cu-411525/p,https://www.exito.com/instacrem-caja-light-en-sobres-x-36-und-cu-411525/p,978879,1.443,7702354934859
622,Café MATIZ Ámbar Grano (500 gr),500 gr,Café,MATIZ,https://www.exito.com/caf-ambar-grano-913610/p,https://www.exito.com/caf-ambar-grano-913610/p,1277868,6.136,7702032111237
623,Café TOSTAO Supremo Tostado Y Molido (454 gr),454 gr,Café,TOSTAO Y,https://www.exito.com/cafe-tostado-mol-supremo-tostao-454-gr-3068644/p,https://www.exito.com/cafe-tostado-mol-supremo-tostao-454-gr-3068644/p,3201414,3.891,7702439710873
624,Café BUENDIA Descafeinado (170 gr),170 gr,Café,BUENDIA,https://www.exito.com/cafe-buendia-descaf-x-170-gr-78443/p,https://www.exito.com/cafe-buendia-descaf-x-170-gr-78443/p,909115,4.729,7707211631438
625,Café COLCAFE suave clásico (50 gr),50 gr,Café,COLCAFE,https://www.exito.com/cafe-instantaneo-x-50-gr-15699/p,https://www.exito.com/cafe-instantaneo-x-50-gr-15699/p,5980,1.277,7702032253159
626,Café BUENDIA Molido Media (340 gr),340 gr,Café,BUENDIA,https://www.exito.com/cafe-tym-tostion-media-buendia-340-gramo-3005704/p,https://www.exito.com/cafe-tym-tostion-media-buendia-340-gramo-3005704/p,3008314,3.479,7707211633296
627,Café JUAN VALDEZ Finca grano (454 gr),454 gr,Café,JUAN VALDEZ,https://www.exito.com/cafe-tostado-grano-limonaria-kiwi-m-juan-valdez-454-gr-3129576/p,https://www.exito.com/cafe-tostado-grano-limonaria-kiwi-m-juan-valdez-454-gr-3129576/p,3409948,7.471,7701362002048
628,Café COLCAFE cappuccino mocca (270 gr),270 gr,Café,COLCAFE,https://www.exito.com/cappuccino-mocca-colcafe-270-gr-3156705/p,https://www.exito.com/cappuccino-mocca-colcafe-270-gr-3156705/p,3517539,3.264,7702032118571
629,Café JUAN VALDEZ Volcan molido (340 gr),340 gr,Café,JUAN VALDEZ,https://www.exito.com/cafe-premium-molido-tipo-expreso-volcan-juan-valdez-x-340g-421030/p,https://www.exito.com/cafe-premium-molido-tipo-expreso-volcan-juan-valdez-x-340g-421030/p,598941,5.064,7707280883868
630,Café COLCAFE clásico (50 gr),50 gr,Café,COLCAFE,https://www.exito.com/cafe-instantaneo-caramelo-x-50-gr-219486/p,https://www.exito.com/cafe-instantaneo-caramelo-x-50-gr-219486/p,455850,1.457,7702032253678
631,Chocolate LUKER sin azúcar con clavos y canela (224 gr),224 gr,Chocolate,LUKER,https://www.exito.com/chocolate-luker-amargo-224-gr-3191909/p,https://www.exito.com/chocolate-luker-amargo-224-gr-3191909/p,3624958,2.529,7702088215477
632,Chocolate LUKER mesa light (156.2 gr),156.2 gr,Chocolate,LUKER,https://www.exito.com/chocolate-mesa-light-luker-1562-gr-3031799/p,https://www.exito.com/chocolate-mesa-light-luker-1562-gr-3031799/p,3070520,2.271,7702088204730
633,Café CORDOBA (250 gr),250 gr,Café,CORDOBA,https://www.exito.com/cafe-871175/p,https://www.exito.com/cafe-871175/p,628490,1.280,7707108500045
634,café JUAN VALDEZ (190 gr),190 gr,café,JUAN VALDEZ,https://www.exito.com/cafe-liofilizado-en-frasco-190-gr-958473/p,https://www.exito.com/cafe-liofilizado-en-frasco-190-gr-958473/p,856939,5.864,7707211631476
635,Café BUENDIA Instant crema de whisky (85 gr),85 gr,Café,BUENDIA,https://www.exito.com/cafe-instant-crema-de-whisky-buendia-85-gramo-773894/p,https://www.exito.com/cafe-instant-crema-de-whisky-buendia-85-gramo-773894/p,1784634,3.029,7707211636044
636,Chocolate de mesa LA ESPECIAL pastillado tradicional (200 gr),200 gr,Chocolate,LA ESPECIAL,https://www.exito.com/chocolate-de-mesa-pastillado-tradicional-la-especial-200-gr-3158745/p,https://www.exito.com/chocolate-de-mesa-pastillado-tradicional-la-especial-200-gr-3158745/p,3526078,1.013,7702007082630
637,Café EXITO MARCA PROPIA instantáneo descafeinado (85 gr),85 gr,Café,EXITO MARCA PROPIA,https://www.exito.com/cafe-instantaneo-descafeinado-exito-x-85-gr-208503/p,https://www.exito.com/cafe-instantaneo-descafeinado-exito-x-85-gr-208503/p,142909,1.564,7701001097114
638,Crema Para Café TOSTAO Instantanea (150 gr),150 gr,Crema,TOSTAO,https://www.exito.com/crema-para-cafe-tostao-instantanea-150-gr-3175867/p,https://www.exito.com/crema-para-cafe-tostao-instantanea-150-gr-3175867/p,3567746,669,7708323728931
639,Café TOSTAO Soluble En Polvo (85 gr),85 gr,Café,TOSTAO,https://www.exito.com/cafe-en-polvo-instantaneo-tostao-85-gr-3072669/p,https://www.exito.com/cafe-en-polvo-instantaneo-tostao-85-gr-3072669/p,3214957,1.520,7702439885786
640,Café SELLO ROJO tostado y molido (120 gr),120 gr,Café,SELLO ROJO,https://www.exito.com/cafe-sello-rojo-mocca-88872/p,https://www.exito.com/cafe-sello-rojo-mocca-88872/p,326458,1.156,7702032102792
641,Chocolate de mesa LYNE clásico (166.4 gr),166.4 gr,Chocolate,LYNE,https://www.exito.com/chocolate-light-clasico-lyne-1664-gr-3122833/p,https://www.exito.com/chocolate-light-clasico-lyne-1664-gr-3122833/p,3383738,1.943,7702007077872
642,Café JUAN VALDEZ Cumbre molido (340 gr),340 gr,Café,JUAN VALDEZ,https://www.exito.com/cafe-cumbre-juan-valdez-340-gr-454784/p,https://www.exito.com/cafe-cumbre-juan-valdez-340-gr-454784/p,93705,4.636,7707280883790
643,Chocolate en polvo LYNE Endulzado (120 gr),120 gr,Chocolate,LYNE,https://www.exito.com/cocoa-dietaria-endulzado-lyne-120-gr-3122838/p,https://www.exito.com/cocoa-dietaria-endulzado-lyne-120-gr-3122838/p,3383743,1.893,7702007078008
644,Café JUAN VALDEZ Cumbre descafeinado molido (340 gr),340 gr,Café,JUAN VALDEZ,https://www.exito.com/cafe-molido-descafeinado-cumbre-340-gr-421029/p,https://www.exito.com/cafe-molido-descafeinado-cumbre-340-gr-421029/p,598926,5.414,7707280883806
645,Café BUENDIA Liofilizado (50 gr),50 gr,Café,BUENDIA,https://www.exito.com/cafe-liofilizado-x50g-95674/p,https://www.exito.com/cafe-liofilizado-x50g-95674/p,720190,1.593,7707211630219
646,Café COLCAFE descafeinado ligero (90 gr),90 gr,Café,COLCAFE,https://www.exito.com/cafe-descafeinado-ligero-colcafe-90-gr-3112426/p,https://www.exito.com/cafe-descafeinado-ligero-colcafe-90-gr-3112426/p,3350786,2.593,7702032117444
647,Café COLCAFE liofilizado (170 gr),170 gr,Café,COLCAFE,https://www.exito.com/cafe-liofilizado-colcafe-170-gr-3129486/p,https://www.exito.com/cafe-liofilizado-colcafe-170-gr-3129486/p,3409476,2.921,7702032118120
648,Chocolate SOL pastillas de cocoa (400 gr),400 gr,Chocolate,SOL,https://www.exito.com/chocolate-sol-pastillas-de-cocoa-400-gr-3194334/p,https://www.exito.com/chocolate-sol-pastillas-de-cocoa-400-gr-3194334/p,3631704,1.600,7702088215156
649,Chocolate CHOCOEXPRESS con clavos y canela (200 gr),200 gr,Chocolate,CHOCOEXPRESS,https://www.exito.com/chocolate-en-polvo-sabor-a-clavos-y-canela-doy-pack-x-200-gr-942962/p,https://www.exito.com/chocolate-en-polvo-sabor-a-clavos-y-canela-doy-pack-x-200-gr-942962/p,121838,2.307,7702088165253
650,Crema FRESCAMPO no láctea (430 gr),430 gr,Crema,FRESCAMPO,https://www.exito.com/crema-no-lactea-frescampo-430-gr-3127212/p,https://www.exito.com/crema-no-lactea-frescampo-430-gr-3127212/p,3402181,2.393,7701001926780
651,Café COLCAFE capuccino vainilla (108 gr),108 gr,Café,COLCAFE,https://www.exito.com/cappuccino-vainilla-colcafe-108-gr-3156703/p,https://www.exito.com/cappuccino-vainilla-colcafe-108-gr-3156703/p,3517537,1.416,7702032118434
652,Café BUENDIA Molido Alta (340 gr),340 gr,Café,BUENDIA,https://www.exito.com/cafe-tym-tostion-alta-buendia-340-gramo-3005703/p,https://www.exito.com/cafe-tym-tostion-alta-buendia-340-gramo-3005703/p,3008313,3.571,7707211639151
653,Dolce Gusto NESCAFE DOLCE GUSTO Chococino (160 gr),160 gr,Dolce,NESCAFE DOLCE GUSTO,https://www.exito.com/dolce-gusto-nescafe-dolce-gusto-chococino-160-gr-3173551/p,https://www.exito.com/dolce-gusto-nescafe-dolce-gusto-chococino-160-gr-3173551/p,3558763,3.593,7891000355886
654,Café JUAN VALDEZ Colina molido (250 gr),250 gr,Café,JUAN VALDEZ,https://www.exito.com/cafe-molido-balanceado-colina-250-gr-421028/p,https://www.exito.com/cafe-molido-balanceado-colina-250-gr-421028/p,598859,4.243,7707280880287
655,Café NESCAFE ANTIOQUIA (85 gr),85 gr,Café,NESCAFE ANTIOQUIA,https://www.exito.com/cafe-nescafe-antioquia-85-gr-3173386/p,https://www.exito.com/cafe-nescafe-antioquia-85-gr-3173386/p,3558176,2.636,7702024916550
656,Café NEW COLONY molido descafeinado (400 gr),400 gr,Café,NEW COLONY,https://www.exito.com/cafe-tostado-y-molido-descafeinado-x-400-gr-837539/p,https://www.exito.com/cafe-tostado-y-molido-descafeinado-x-400-gr-837539/p,457191,3.650,7702088355128
657,Chocolate GIRONES (500 gr),500 gr,Chocolate,GIRONES,https://www.exito.com/chocolate-clavos-y-canela-798398/p,https://www.exito.com/chocolate-clavos-y-canela-798398/p,353114,2.350,7703092100032
658,Chocolate CORONA + café tradicional (450 gr),450 gr,Chocolate,CORONA,https://www.exito.com/of-chocolate-corona-gratis-cafe-450-gr-3198401/p,https://www.exito.com/of-chocolate-corona-gratis-cafe-450-gr-3198401/p,3642527,2.243,7702007086836
659,Dolce Gusto NESCAFE DOLCE GUSTO LUNGO (112 gr),112 gr,Dolce,NESCAFE DOLCE GUSTO LUNGO,https://www.exito.com/dolce-gusto-nescafe-dolce-gusto-lungo-112-gr-3172641/p,https://www.exito.com/dolce-gusto-nescafe-dolce-gusto-lungo-112-gr-3172641/p,3555412,3.257,7891000147238
660,Café CAFE QUINDIO gourmet (250 gr),250 gr,Café,CAFE QUINDIO,https://www.exito.com/cafe-quindio-669463/p,https://www.exito.com/cafe-quindio-669463/p,715872,4.486,7702728232512
661,Café TOSTAO Supremo Tostado Y Molido (220 gr),220 gr,Café,TOSTAO Y,https://www.exito.com/cafe-tostado-supremo-tostao-220-gr-3068643/p,https://www.exito.com/cafe-tostado-supremo-tostao-220-gr-3068643/p,3201413,1.989,7702439640149
662,Café COLCAFE Granulado 85 Gm (85 gr),85 gr,Café,COLCAFE,https://www.exito.com/cafe-granulado-frasco-x-85-gr-281869/p,https://www.exito.com/cafe-granulado-frasco-x-85-gr-281869/p,619949,1.800,7702032104376
663,Café JUAN VALDEZ Orgánico molido (283 gr),283 gr,Café,JUAN VALDEZ,https://www.exito.com/cafe-organico-juan-valdez-283-gr-454788/p,https://www.exito.com/cafe-organico-juan-valdez-283-gr-454788/p,98876,4.836,7707280886029
664,Café OMA Export Line (340 gr),340 gr,Café,OMA,https://www.exito.com/cafe-export-line-899824/p,https://www.exito.com/cafe-export-line-899824/p,1248686,4.479,7702747009898
665,Crema no láctea INSTACREM original (450 gr),450 gr,Crema,INSTACREM,https://www.exito.com/instacrem-sin-lactosa-450-gr-15884/p,https://www.exito.com/instacrem-sin-lactosa-450-gr-15884/p,6063,3.221,7702354133009
666,Chocolate SOL de mesa 0% azúcar (125 gr),125 gr,Chocolate,SOL,https://www.exito.com/chocolate-amargo-10747/p,https://www.exito.com/chocolate-amargo-10747/p,1622762,1.416,7702088200466
667,Café BUENDIA liofilizado amareto (50 gr),50 gr,Café,BUENDIA,https://www.exito.com/cafe-liofilizado-sabor-amareto-buendia-50-gr-322241/p,https://www.exito.com/cafe-liofilizado-sabor-amareto-buendia-50-gr-322241/p,927630,1.807,7707211630608
668,Café COLCAFE clásico (300 gr),300 gr,Café,COLCAFE,https://www.exito.com/cafe-granulado-frasco-colcafe-300-gr-281874/p,https://www.exito.com/cafe-granulado-frasco-colcafe-300-gr-281874/p,620735,5.314,7702032104390
669,Café NESCAFE Artesano (85 gr),85 gr,Café,NESCAFE,https://www.exito.com/cafe-artesano-nescafe-85-gr-902123/p,https://www.exito.com/cafe-artesano-nescafe-85-gr-902123/p,1253526,2.429,7702024073772
670,Pods café JUAN VALDEZ Colina (91.2 gr),91.2 gr,Pods,JUAN VALDEZ,https://www.exito.com/cafe-molido-pods-colina-960984/p,https://www.exito.com/cafe-molido-pods-colina-960984/p,786222,3.100,7707280892020
671,Café COLCAFE clásico (170 gr),170 gr,Café,COLCAFE,https://www.exito.com/cafe-instantaneo-granulado-x-170-gr-281870/p,https://www.exito.com/cafe-instantaneo-granulado-x-170-gr-281870/p,620087,3.129,7702032104383
672,CAFE PERGAMINO (360 gr),360 gr,CAFE,CAFE PERGAMINO,https://www.exito.com/cafe-finca-lomaverde-pergamino-360-gramo-3003511/p,https://www.exito.com/cafe-finca-lomaverde-pergamino-360-gramo-3003511/p,3005688,4.793,7709741378333
673,Café JUAN VALDEZ Colina grano fuerte (1 und),1 und,Café,JUAN VALDEZ,https://www.exito.com/cafe-juan-valdez-colina-grano-1004422/p,https://www.exito.com/cafe-juan-valdez-colina-grano-1004422/p,1864761,5.921,7708088542520
674,Chocolate de mesa CRUZ de mesa sin azúcar (500 gr),500 gr,Chocolate,CRUZ,https://www.exito.com/chocolate-de-mesa-cruz-oft-gtis-125g-500-gr-3172553/p,https://www.exito.com/chocolate-de-mesa-cruz-oft-gtis-125g-500-gr-3172553/p,3555301,5.143,7702007083637
675,Café BUENDIA Caramelo (280 gr),280 gr,Café,BUENDIA,https://www.exito.com/cafe-buendia-caramelo-280-gr-3193070/p,https://www.exito.com/cafe-buendia-caramelo-280-gr-3193070/p,3628588,3.300,7707211634316
676,Cafe Molido FRUTO PAS,,Cafe,FRUTO PAS,https://www.exito.com/cafe-molido-bemoka-250-gr-622400/p,https://www.exito.com/cafe-molido-bemoka-250-gr-622400/p,546058,1.657,7702351002704
677,Café con Leche NESCAFE soluble (800 gr),800 gr,Café,NESCAFE,https://www.exito.com/cafe-con-leche-bolsa-nescafe-800-gr-3027748/p,https://www.exito.com/cafe-con-leche-bolsa-nescafe-800-gr-3027748/p,3055900,5.500,7702024249092
678,Cacao LOK PREMIUM PRODUCTS (200 gr),200 gr,Cacao,LOK PREMIUM PRODUCTS,https://www.exito.com/cacao-en-polvo-natural-961751/p,https://www.exito.com/cacao-en-polvo-natural-961751/p,1343674,4.086,7709367544778
679,Kit café JUAN VALDEZ x5 sachets variedades (280 gr),280 gr,Kit,JUAN VALDEZ,https://www.exito.com/kit-sachets-variedades-x-5-juan-valdez-350-gr-3152140/p,https://www.exito.com/kit-sachets-variedades-x-5-juan-valdez-350-gr-3152140/p,3497412,5.257,7701362004103
680,Café JUAN VALDEZ Cumbre molido (250 gr),250 gr,Café,JUAN VALDEZ,https://www.exito.com/cafe-cumbre-juan-valdez-250-gr-454783/p,https://www.exito.com/cafe-cumbre-juan-valdez-250-gr-454783/p,93617,4.243,7707280880218
681,Café BUENDIA Orgánico (85 gr),85 gr,Café,BUENDIA,https://www.exito.com/cafe-saborizado-buendia-85-gr-3024446/p,https://www.exito.com/cafe-saborizado-buendia-85-gr-3024446/p,3042263,3.000,7707211635641
682,Café con Leche NESCAFE soluble (450 gr),450 gr,Café,NESCAFE,https://www.exito.com/cafe-con-leche-450-gr-383022/p,https://www.exito.com/cafe-con-leche-450-gr-383022/p,300716,3.957,7702024012580
683,chocolate LUKER MESA CLAVOS CANELA (250 gr),250 gr,chocolate,LUKER MESA CLAVOS CANELA,https://www.exito.com/chocolat-clavos-canela-sin-azu-luker-250-gr-3039809/p,https://www.exito.com/chocolat-clavos-canela-sin-azu-luker-250-gr-3039809/p,3101875,2.664,7702088204693
684,Sticks Café JUAN VALDEZ Liofilizado x30 und (45 gr),45 gr,Sticks,JUAN VALDEZ,https://www.exito.com/liofilizado-en-sobres-de-15gr-juan-valdez-45-gr-3131127/p,https://www.exito.com/liofilizado-en-sobres-de-15gr-juan-valdez-45-gr-3131127/p,3416532,1.707,7707211635863
685,Cafe BARY Tostado y Molido Blend (300 gr),300 gr,Cafe,BARY,https://www.exito.com/cafe-bary-tostado-y-molido-blend-300-gr-3176408/p,https://www.exito.com/cafe-bary-tostado-y-molido-blend-300-gr-3176408/p,3568802,1.807,7702439330507
686,café DORIGENN (340 gr),340 gr,café,DORIGENN,https://www.exito.com/caf-molido-caribe-343017/p,https://www.exito.com/caf-molido-caribe-343017/p,1393327,4.614,7709389080698
687,Café TOSTAO tostado gourmet (340 gr),340 gr,Café,TOSTAO,https://www.exito.com/cafe-tostao-gourmet-x-340-gr-tostao-340-gr-3198360/p,https://www.exito.com/cafe-tostao-gourmet-x-340-gr-tostao-340-gr-3198360/p,3642461,2.731,7708024204598
688,Cafe COLCAFE LIOFILIZADO FEXPO (170 gr),170 gr,Cafe,COLCAFE LIOFILIZADO FEXPO,https://www.exito.com/cafe-colcafe-liofilizado-fexpo-170-gr-3189811/p,https://www.exito.com/cafe-colcafe-liofilizado-fexpo-170-gr-3189811/p,3619084,3.436,7702032119639
689,Chocolate de mesa CORONA instantáneo tradicional (950 gr),950 gr,Chocolate,CORONA,https://www.exito.com/chocolate-de-mesa-corona-instantaneo-950-gr-3179650/p,https://www.exito.com/chocolate-de-mesa-corona-instantaneo-950-gr-3179650/p,3578495,5.657,7702007083361
690,Café CAFE QUINDIO molido especial origen Génova (340 gr),340 gr,Café,CAFE QUINDIO,https://www.exito.com/cafe-especial-origen-genova-236633/p,https://www.exito.com/cafe-especial-origen-genova-236633/p,961061,5.607,7702728230129
691,Bolsa AMOR PERFECTO (350 gr),350 gr,Bolsa,AMOR PERFECTO,https://www.exito.com/bolsa-cafe-antioquia-mo-452210/p,https://www.exito.com/bolsa-cafe-antioquia-mo-452210/p,391236,4.671,7709990942613
692,Café Liofilizado NESCAFE GOLD instantáneo (100 gr),100 gr,Café,NESCAFE GOLD,https://www.exito.com/cafe-nescafe-gold-100-gr-57773/p,https://www.exito.com/cafe-nescafe-gold-100-gr-57773/p,1517206,4.229,7506475116626
693,Cafe AMOR PERFECTO (350 gr),350 gr,Cafe,AMOR PERFECTO,https://www.exito.com/cafe-molido-gourmet-amor-perfecto-350-gr-3037387/p,https://www.exito.com/cafe-molido-gourmet-amor-perfecto-350-gr-3037387/p,3092786,4.950,7709375032007
694,Café AMOR PERFECTO (350 gr),350 gr,Café,AMOR PERFECTO,https://www.exito.com/bolsa-cafe-huila-molido-452212/p,https://www.exito.com/bolsa-cafe-huila-molido-452212/p,391271,4.671,7709990442649
695,Café AGUILA ROJA (2500 gr),2500 gr,Café,AGUILA ROJA,https://www.exito.com/cafe-tostado-y-molido-770211/p,https://www.exito.com/cafe-tostado-y-molido-770211/p,472317,13.157,7702040087005
696,DOLCE GUSTO NESCAFE DOLCE GUSTO CHAI TEA (99.5 gr),99.5 gr,DOLCE,DOLCE GUSTO NESCAFE DOLCE GUSTO CHAI TEA,https://www.exito.com/dolce-gusto-nescafe-dolce-gusto-chai-tea-995-gr-3190012/p,https://www.exito.com/dolce-gusto-nescafe-dolce-gusto-chai-tea-995-gr-3190012/p,3619899,3.286,7891000460511
697,Café Tostado Molido JUAN VALDEZ 83 gr,,Café,JUAN VALDEZ,https://www.exito.com/cafe-tostado-molido-juan-valdez-283-gr-3030170/p,https://www.exito.com/cafe-tostado-molido-juan-valdez-283-gr-3030170/p,3064453,4.757,7707284453814
698,Café CORDOBA (500 gr),500 gr,Café,CORDOBA,https://www.exito.com/cafe-molido-empaque-metalico-344834/p,https://www.exito.com/cafe-molido-empaque-metalico-344834/p,587236,2.093,7707108500052
699,Bolsa AMOR PERFECTO (350 gr),350 gr,Bolsa,AMOR PERFECTO,https://www.exito.com/bolsa-cafe-descafeinado-452211/p,https://www.exito.com/bolsa-cafe-descafeinado-452211/p,391269,4.586,7709990028287
700,Café SELLO ROJO Canela (120 gr),120 gr,Café,SELLO ROJO,https://www.exito.com/cafe-canela-medio-tostado-y-molido-x-120-gr-12933/p,https://www.exito.com/cafe-canela-medio-tostado-y-molido-x-120-gr-12933/p,513383,1.174,7702032052332
701,Café COLCAFE capuccino clásico (108 gr),108 gr,Café,COLCAFE,https://www.exito.com/cappuccino-clasico-colcafe-108-gr-3156701/p,https://www.exito.com/cappuccino-clasico-colcafe-108-gr-3156701/p,3517535,1.664,7702032118403
702,Cápsulas café JUAN VALDEZ Orgánico (44.8 gr),44.8 gr,Cápsulas,JUAN VALDEZ,https://www.exito.com/cafe-capsulas-organico-juan-valdez-448-gr-3116778/p,https://www.exito.com/cafe-capsulas-organico-juan-valdez-448-gr-3116778/p,3367895,3.279,7701362003441
703,Café Pomona premium tostado y molido (340 gr),340 gr,Café,,https://www.exito.com/cafe-tostado-molido-premium-pomona-340-gr-3138089/p,https://www.exito.com/cafe-tostado-molido-premium-pomona-340-gr-3138089/p,3446037,3.729,7701001881775
704,Cafe Molido FRUTO PAS,,Cafe,FRUTO PAS,https://www.exito.com/cafe-molido-bemoka-500-gr-622394/p,https://www.exito.com/cafe-molido-bemoka-500-gr-622394/p,546032,3.479,7702351004708
705,Café NESCAFE dolce gusto cappuccino (117.5 gr),117.5 gr,Café,NESCAFE,https://www.exito.com/nescafe-dolce-gusto-nescafe-cappuccino-1175-gr-3198189/p,https://www.exito.com/nescafe-dolce-gusto-nescafe-cappuccino-1175-gr-3198189/p,3641881,3.357,7891000406021
706,café DORIGENN (340 gr),340 gr,café,DORIGENN,https://www.exito.com/caf-molido-andina-343374/p,https://www.exito.com/caf-molido-andina-343374/p,1393328,4.614,7709439551079
707,Cafe COLCAFE Liofilizado Fexpo (85 gr),85 gr,Cafe,COLCAFE,https://www.exito.com/cafe-colcafe-liofilizado-fexpo-85-gr-3189776/p,https://www.exito.com/cafe-colcafe-liofilizado-fexpo-85-gr-3189776/p,3618920,2.071,7702032119646
708,Cápsulas café JUAN VALDEZ Paisaje cultural cafetero (44.8 gr),44.8 gr,Cápsulas,JUAN VALDEZ,https://www.exito.com/cafe-capsulas-paisaje-cafetero-juan-valdez-448-gr-3116794/p,https://www.exito.com/cafe-capsulas-paisaje-cafetero-juan-valdez-448-gr-3116794/p,3367938,3.221,7707280887811
709,Café COLCAFE clásico (72 gr),72 gr,Café,COLCAFE,https://www.exito.com/cafe-granulado-stick-colcafe-72-gr-755384/p,https://www.exito.com/cafe-granulado-stick-colcafe-72-gr-755384/p,1455715,1.167,7702032113095
710,Chocolate de mesa CORONA VAINILLA PASTILLADO (200 gr),200 gr,Chocolate,CORONA VAINILLA PASTILLADO,https://www.exito.com/chocolate-de-mesa-corona-vainilla-pastillado-200-gr-3190944/p,https://www.exito.com/chocolate-de-mesa-corona-vainilla-pastillado-200-gr-3190944/p,3622556,1.284,7702007085495
711,Café TOSTAO Supremo Tostado Y Molido (220 gr),220 gr,Café,TOSTAO Y,https://www.exito.com/cafe-tostado-mol-selecto-tostao-220-gr-3068645/p,https://www.exito.com/cafe-tostado-mol-selecto-tostao-220-gr-3068645/p,3201415,1.126,7702439885960
712,Pods café JUAN VALDEZ Cumbre (91.2 gr),91.2 gr,Pods,JUAN VALDEZ,https://www.exito.com/cafe-molido-pods-cumbre-960983/p,https://www.exito.com/cafe-molido-pods-cumbre-960983/p,785633,3.307,7707280892037
713,Chocolate CHOCOEXPRESS sin azúcar (120 gr),120 gr,Chocolate,CHOCOEXPRESS,https://www.exito.com/choco-express-sin-azucar-xc47-120-gr-664524/p,https://www.exito.com/choco-express-sin-azucar-xc47-120-gr-664524/p,541531,1.986,7702088103293
714,Café CENTTO NUTRESA fuerte (10 und),10 und,Café,CENTTO NUTRESA,https://www.exito.com/cafe-fuerte-centto-sello-rojo-60-gr-3149453/p,https://www.exito.com/cafe-fuerte-centto-sello-rojo-60-gr-3149453/p,3486485,2.279,7702032117963
715,Café AGUILA ROJA (85 gr),85 gr,Café,AGUILA ROJA,https://www.exito.com/cafe-soluble-instantaneo-aguila-roja-85-gramo-405039/p,https://www.exito.com/cafe-soluble-instantaneo-aguila-roja-85-gramo-405039/p,616501,1.843,7702040000134
716,Café EKONO tostado y molido (75 gr),75 gr,Café,EKONO,https://www.exito.com/cafe-molido-ekono-75-gramo-623092/p,https://www.exito.com/cafe-molido-ekono-75-gramo-623092/p,8599,400,7701001665757
717,Café TOSTAO intenso tostado y molido (454 gr),454 gr,Café,TOSTAO,https://www.exito.com/cafe-molido-tostao-454-gr-3200223/p,https://www.exito.com/cafe-molido-tostao-454-gr-3200223/p,3650270,2.057,7708024204437
718,Café MESA DE LOS SANTOS (454 gr),454 gr,Café,MESA DE LOS SANTOS,https://www.exito.com/cafe-gourmet-255483/p,https://www.exito.com/cafe-gourmet-255483/p,431353,6.850,7707178230019
719,Cápsulas café JUAN VALDEZ Mujeres cafeteras (44.8 gr),44.8 gr,Cápsulas,JUAN VALDEZ,https://www.exito.com/cafe-capsulas-mujeres-cafeteras-juan-valdez-448-gr-3116779/p,https://www.exito.com/cafe-capsulas-mujeres-cafeteras-juan-valdez-448-gr-3116779/p,3367896,3.179,7701362003496
720,Café Nescafé DOLCA Soluble en polvo (47 gr),47 gr,Café,DOLCA,https://www.exito.com/cafe-dolca-nescafe-47-gr-3068515/p,https://www.exito.com/cafe-dolca-nescafe-47-gr-3068515/p,3201096,977,7702024666530
721,Café instantáneo NESCAFE TRADICIÓN lleva gratis mug (170 gr),170 gr,Café,NESCAFE TRADICIÓN,https://www.exito.com/of-nescafe-tradicional-gts-mug-480762/p,https://www.exito.com/of-nescafe-tradicional-gts-mug-480762/p,368266,3.857,7702024076513
722,Café BUENDIA Clasico (280 gr),280 gr,Café,BUENDIA,https://www.exito.com/cafe-buendia-clasico-280-gr-3193071/p,https://www.exito.com/cafe-buendia-clasico-280-gr-3193071/p,3628589,3.300,7707211635955
723,Café SALENTO molido arábico (250 gr),250 gr,Café,SALENTO,https://www.exito.com/cafe-arabico-milido-843855/p,https://www.exito.com/cafe-arabico-milido-843855/p,1134710,5.979,7709990606799
724,Café JUAN VALDEZ Origen Sierra Nevada (283 gr),283 gr,Café,JUAN VALDEZ,https://www.exito.com/cafe-sierra-nevada-molid-684771/p,https://www.exito.com/cafe-sierra-nevada-molid-684771/p,244364,5.807,7701362008729
725,Café molido Oma OMA TOSTADO MOLIDO BREAKFAST BLEND (300 gr),300 gr,Café,OMA TOSTADO MOLIDO BREAKFAST BLEND,https://www.exito.com/cafe-tostado-molido-breakfast-blend-oma-300-gr-3130331/p,https://www.exito.com/cafe-tostado-molido-breakfast-blend-oma-300-gr-3130331/p,3414396,3.729,7702747896580
726,Café CENTTO NUTRESA vainilla (10 und),10 und,Café,CENTTO NUTRESA,https://www.exito.com/cafe-vainilla-centto-colcafe-115-gr-3149454/p,https://www.exito.com/cafe-vainilla-centto-colcafe-115-gr-3149454/p,3486486,2.479,7702032118007
727,Café AROMA instantáneo en polvo vaso (85 gr),85 gr,Café,AROMA,https://www.exito.com/cafe-aroma-soluble-85-gr-130716/p,https://www.exito.com/cafe-aroma-soluble-85-gr-130716/p,733824,1.686,7707199660352
728,Café LOS FRAILES molido origen Fredonia (500 gr),500 gr,Café,LOS FRAILES,https://www.exito.com/cafe-tostado-y-molido-x-500-gr-866112/p,https://www.exito.com/cafe-tostado-y-molido-x-500-gr-866112/p,732422,9.100,7707352870024
729,Bolsa AMOR PERFECTO (350 gr),350 gr,Bolsa,AMOR PERFECTO,https://www.exito.com/bolsa-cafe-narino-molid-452213/p,https://www.exito.com/bolsa-cafe-narino-molid-452213/p,391272,4.671,7709990442618
730,Café MESA DE LOS SANTOS (454 gr),454 gr,Café,MESA DE LOS SANTOS,https://www.exito.com/cafe-mesa-de-los-santos-en-gra-41534/p,https://www.exito.com/cafe-mesa-de-los-santos-en-gra-41534/p,709549,6.779,7707178230071
731,Café TOSTAO tostado supremo (340 gr),340 gr,Café,TOSTAO,https://www.exito.com/cafe-tostao-supremo-x-340-gr-tostao-340-gr-3198362/p,https://www.exito.com/cafe-tostao-supremo-x-340-gr-tostao-340-gr-3198362/p,3642463,3.149,7708024204666
732,Cafe PERGAMINO ALTO LETRAS MOLIDO (360 gr),360 gr,Cafe,PERGAMINO ALTO LETRAS MOLIDO,https://www.exito.com/cafe-alto-letras-molido-pergamino-360-gr-3052948/p,https://www.exito.com/cafe-alto-letras-molido-pergamino-360-gr-3052948/p,3151308,5.207,7709741378364
733,café SELLO ROJO MOLIDO (600 gr),600 gr,café,SELLO ROJO MOLIDO,https://www.exito.com/of-cafe-sr-fuerte-extrac-728199/p,https://www.exito.com/of-cafe-sr-fuerte-extrac-728199/p,8565,3.321,7702032109951
734,Café COLCAFE granulado bolsa (500 gr),500 gr,Café,COLCAFE,https://www.exito.com/cafe-granulado-colcafe-bolsa-500-gr-3182575/p,https://www.exito.com/cafe-granulado-colcafe-bolsa-500-gr-3182575/p,3587177,8.271,7702032104352
735,Chocolate de mesa CORONA CAPSULA CENTTO (115 gr),115 gr,Chocolate,CORONA CAPSULA CENTTO,https://www.exito.com/chocolate-de-mesa-corona-capsula-centto-115-gr-3189777/p,https://www.exito.com/chocolate-de-mesa-corona-capsula-centto-115-gr-3189777/p,3618921,3.021,7702032118021
736,Chocolate de mesa CORONA endulzado con stevia (1664 gr),1664 gr,Chocolate,CORONA,https://www.exito.com/chocolate-endulzado-con-stevia-corona-1664-gr-3083475/p,https://www.exito.com/chocolate-endulzado-con-stevia-corona-1664-gr-3083475/p,3260352,25.643,7702007075656
737,Café NESCAFE Descafeinado (200 gr),200 gr,Café,NESCAFE,https://www.exito.com/cafe-nescafe-decaf-200-gr-984343/p,https://www.exito.com/cafe-nescafe-decaf-200-gr-984343/p,1374721,4.521,7613036475297
738,Café LUKAFE tostado molido fuerte (195 gr),195 gr,Café,LUKAFE,https://www.exito.com/cafe-lukafe-tostado-molido-fuerte-195-gr-3187224/p,https://www.exito.com/cafe-lukafe-tostado-molido-fuerte-195-gr-3187224/p,3609841,1.219,7702088214708
739,Café AROMA instantáneo en polvo jarra (170 gr),170 gr,Café,AROMA,https://www.exito.com/cafe-soluble-jarra-aroma-170-gr-237702/p,https://www.exito.com/cafe-soluble-jarra-aroma-170-gr-237702/p,589261,3.286,7707199660741
740,Chocolate en polvo LYNE Clavos y canela (200 gr),200 gr,Chocolate,LYNE,https://www.exito.com/chocolate-lyne-200-gr-3161778/p,https://www.exito.com/chocolate-lyne-200-gr-3161778/p,3537588,2.314,7702007077902
741,Café JUAN VALDEZ Origen Antioquia molido (283 gr),283 gr,Café,JUAN VALDEZ,https://www.exito.com/cafe-molido-antioquia-x-283-gr-409499/p,https://www.exito.com/cafe-molido-antioquia-x-283-gr-409499/p,408748,5.807,7701362005780
742,Café JUAN VALDEZ Liofilizado mujeres cafeteras (95 gr),95 gr,Café,JUAN VALDEZ,https://www.exito.com/liofilizado-mujeres-cafeteras-juan-valdez-95-gr-3153645/p,https://www.exito.com/liofilizado-mujeres-cafeteras-juan-valdez-95-gr-3153645/p,3504302,4.350,7707211633357
743,Café CENTTO NUTRESA escarlata (10 und),10 und,Café,CENTTO NUTRESA,https://www.exito.com/cafe-escarlata-matiz-70-gr-3149459/p,https://www.exito.com/cafe-escarlata-matiz-70-gr-3149459/p,3486491,2.529,7702032118090
744,Café NESCAFE DOLCE GUSTO dolce gusto americano (80 gr),80 gr,Café,NESCAFE DOLCE GUSTO,https://www.exito.com/nescafe-dolce-gusto-nescafe-americano-80-gr-3198185/p,https://www.exito.com/nescafe-dolce-gusto-nescafe-americano-80-gr-3198185/p,3641877,3.414,7891000405772
745,Cafe COLCAFE SOLUBLE AMARETTO (50 gr),50 gr,Cafe,COLCAFE SOLUBLE AMARETTO,https://www.exito.com/cafe-soluble-amaretto-colcafe-50-gr-3160850/p,https://www.exito.com/cafe-soluble-amaretto-colcafe-50-gr-3160850/p,3533417,1.457,7702032119042
746,Café LA BASTILLA tostado y molido +obsequio 125gr (450 gr),450 gr,Café,LA BASTILLA,https://www.exito.com/cafe-gtis-cafe-la-bastilla-450-gr-3084273/p,https://www.exito.com/cafe-gtis-cafe-la-bastilla-450-gr-3084273/p,3264002,2.579,7702032116249
747,Café CENTTO NUTRESA clásico (10 und),10 und,Café,CENTTO NUTRESA,https://www.exito.com/cappuccino-clasico-centto-colcafe-115-gr-3149455/p,https://www.exito.com/cappuccino-clasico-centto-colcafe-115-gr-3149455/p,3486487,2.479,7702032118045
748,Café NESCAFE capuccino (90 gr),90 gr,Café,NESCAFE,https://www.exito.com/cafe-nescafe-capuccino-90-gr-3198099/p,https://www.exito.com/cafe-nescafe-capuccino-90-gr-3198099/p,3641573,1.457,7702024701873
749,Cafe AGUILA ROJA (50 gr),50 gr,Cafe,AGUILA ROJA,https://www.exito.com/cafe-instantaneo-x-aguila-roja-50-gramo-434358/p,https://www.exito.com/cafe-instantaneo-x-aguila-roja-50-gramo-434358/p,220537,1.174,7702040001001
750,Cafe AGUILA ROJA Soluble Liofilizado (100 gr),100 gr,Cafe,AGUILA ROJA,https://www.exito.com/cafe-soluble-liofilizado-aguila-roja-85-gr-3161667/p,https://www.exito.com/cafe-soluble-liofilizado-aguila-roja-85-gr-3161667/p,3537058,2.521,7702040000011
751,Café CENTTO NUTRESA ámbar (10 und),10 und,Café,CENTTO NUTRESA,https://www.exito.com/cafe-ambar-centto-matiz-80-gr-3149457/p,https://www.exito.com/cafe-ambar-centto-matiz-80-gr-3149457/p,3486489,2.564,7702032118069
752,Café SELLO ROJO tostado y molido fuerte (2500 gr),2500 gr,Café,SELLO ROJO,https://www.exito.com/cafe-tostado-sello-rojo-fuerte-2500-gr-3187146/p,https://www.exito.com/cafe-tostado-sello-rojo-fuerte-2500-gr-3187146/p,3608843,12.657,7702032252602
753,Café CAFETALERO (250 gr),250 gr,Café,CAFETALERO,https://www.exito.com/cafe-cafetalero-250-gr-3170854/p,https://www.exito.com/cafe-cafetalero-250-gr-3170854/p,3548212,4.064,7709214409762
754,Café CH!MBA UN CAFECITO MUY RICO (250 gr),250 gr,Café,CH!MBA UN CAFECITO MUY RICO,https://www.exito.com/cafe-molido-chmba-un-cafecito-muy-rico-250-gr-3133114/p,https://www.exito.com/cafe-molido-chmba-un-cafecito-muy-rico-250-gr-3133114/p,3423020,4.850,7707802153073
755,Chocolate de mesa CORONA delicatto (1420 gr),1420 gr,Chocolate,CORONA,https://www.exito.com/chocolate-de-mesa-delicatt-x10-corona-1420-gr-3035820/p,https://www.exito.com/chocolate-de-mesa-delicatt-x10-corona-1420-gr-3035820/p,3086677,13.643,7702007069723
756,Cafe AGUILA ROJA (1000 gr),1000 gr,Cafe,AGUILA ROJA,https://www.exito.com/cafe-molido-tradicional-aguila-1000-gr-613122/p,https://www.exito.com/cafe-molido-tradicional-aguila-1000-gr-613122/p,133426,5.843,7702040067014
757,Café MESA DE LOS SANTOS (250 gr),250 gr,Café,MESA DE LOS SANTOS,https://www.exito.com/cafe-mesa-de-los-santos-457148/p,https://www.exito.com/cafe-mesa-de-los-santos-457148/p,704783,4.571,7707178230101
758,Café NESCAFE DOLCE GUSTO dolce gusto expresso intenso (80 gr),80 gr,Café,NESCAFE DOLCE GUSTO,https://www.exito.com/nescafe-dolce-gusto-nescafe-expresso-intenso-80-gr-3198187/p,https://www.exito.com/nescafe-dolce-gusto-nescafe-expresso-intenso-80-gr-3198187/p,3641879,3.414,7891000405932
759,Chocolate Del Campo RP sin azúcar 100% cacao orgánico (250 gr),250 gr,Chocolate,RP,https://www.exito.com/chocolate-de-mesa-del-campo-rp-250-gr-3094736/p,https://www.exito.com/chocolate-de-mesa-del-campo-rp-250-gr-3094736/p,3302748,4.700,7709951026901
760,Café JUAN VALDEZ Volcan molido (250 gr),250 gr,Café,JUAN VALDEZ,https://www.exito.com/cafe-volcan-para-espresso-x-250-g-421027/p,https://www.exito.com/cafe-volcan-para-espresso-x-250-g-421027/p,598842,4.043,7707280880256
761,Café NESCAFE DOLCE GUSTO dolce gusto café con leche (100 gr),100 gr,Café,NESCAFE DOLCE GUSTO,https://www.exito.com/nescafe-dolce-gusto-nescafe-cafe-con-leche-100-gr-3198186/p,https://www.exito.com/nescafe-dolce-gusto-nescafe-cafe-con-leche-100-gr-3198186/p,3641878,3.414,7891000405901
762,Café NESCAFE latte vainilla (90 gr),90 gr,Café,NESCAFE,https://www.exito.com/cafe-nescafe-latte-vainilla-90-gr-3198098/p,https://www.exito.com/cafe-nescafe-latte-vainilla-90-gr-3198098/p,3641572,1.457,7702024455318
763,Café MATIZ Estuche Social (210 gr),210 gr,Café,MATIZ,https://www.exito.com/cafe-estuche-social-matiz-210-gramo-239542/p,https://www.exito.com/cafe-estuche-social-matiz-210-gramo-239542/p,1733844,4.043,7702032114610
764,Café CENTTO NUTRESA chai late (10 und),10 und,Café,CENTTO NUTRESA,https://www.exito.com/cafe-chai-latte-colcafe-115-gr-3149456/p,https://www.exito.com/cafe-chai-latte-colcafe-115-gr-3149456/p,3486488,2.479,7702032118052
765,Café JUAN VALDEZ Orgánico grano (1000 gr),1000 gr,Café,JUAN VALDEZ,https://www.exito.com/cafe-organico-grano-juan-valdez-1-gr-113084/p,https://www.exito.com/cafe-organico-grano-juan-valdez-1-gr-113084/p,1418659,15.757,7701362008613
766,Café JUAN VALDEZ Café Molido (250 gr),250 gr,Café,JUAN VALDEZ,https://www.exito.com/cafe-juan-valdez-cafe-molido-250-gr-3188957/p,https://www.exito.com/cafe-juan-valdez-cafe-molido-250-gr-3188957/p,3616361,3.621,7708088542254
767,Café JUAN VALDEZ Carlos Vives edición especial (283 gr),283 gr,Café,JUAN VALDEZ,https://www.exito.com/cafe-especialarlos-vives-juan-valdez-283-gr-3144077/p,https://www.exito.com/cafe-especialarlos-vives-juan-valdez-283-gr-3144077/p,3469931,5.021,7701362002291
768,Chocolate LUKER de mesa con clavos y canela (112 gr),112 gr,Chocolate,LUKER,https://www.exito.com/chocolate-luker-amargo-112-gr-3191911/p,https://www.exito.com/chocolate-luker-amargo-112-gr-3191911/p,3624960,1.331,7702088215484
769,Chocolate en polvo LYNE Clásico (200 gr),200 gr,Chocolate,LYNE,https://www.exito.com/chocolate-lyne-200-gr-3161779/p,https://www.exito.com/chocolate-lyne-200-gr-3161779/p,3537589,2.314,7702007077834
770,Chocolate JUAN CHOCONAT (300 gr),300 gr,Chocolate,JUAN CHOCONAT,https://www.exito.com/chocolate-cacao-sin-azucar-juan-choconat-300-gr-920968/p,https://www.exito.com/chocolate-cacao-sin-azucar-juan-choconat-300-gr-920968/p,1617265,4.607,7709106774749
771,Café PELIGRO CAFÉ (250 gr),250 gr,Café,PELIGRO CAFÉ,https://www.exito.com/cafe-peligro-cafe-250-gr-3170853/p,https://www.exito.com/cafe-peligro-cafe-250-gr-3170853/p,3548211,4.914,7707802152809
772,Café SAN ALBERTO 340 Gm (340 gr),340 gr,Café,SAN ALBERTO,https://www.exito.com/cafe-premium-840474/p,https://www.exito.com/cafe-premium-840474/p,1126961,8.929,7707240900055
773,Café LUKAFE tostado y molido fuerte (250 gr),250 gr,Café,LUKAFE,https://www.exito.com/cafe-lukafe-250-gr-274498/p,https://www.exito.com/cafe-lukafe-250-gr-274498/p,147219,1.586,7702088352356
774,Café OMA Tostado Molido Descafeinado (250 gr),250 gr,Café,OMA,https://www.exito.com/cafe-descafeinado-l-selecta-694107/p,https://www.exito.com/cafe-descafeinado-l-selecta-694107/p,792157,2.857,7702747000529
775,Cafe OMA MOLIDO TOSTADO RESERVA (220 gr),220 gr,Cafe,OMA MOLIDO TOSTADO RESERVA,https://www.exito.com/cafe-molido-tostado-reserva-oma-220-gr-3114066/p,https://www.exito.com/cafe-molido-tostado-reserva-oma-220-gr-3114066/p,3357351,4.836,7702747145855
776,Café TULIO Y MARIA molido premium origen Concordia (250 gr),250 gr,Café,TULIO Y MARIA,https://www.exito.com/cafe-premium-molido-840464/p,https://www.exito.com/cafe-premium-molido-840464/p,1126955,4.900,7709593276740
777,Café LA DIVISA Tradicional Grano (340 gr),340 gr,Café,LA DIVISA,https://www.exito.com/cafe-tradicional-grano-la-divisa-340-gr-3121049/p,https://www.exito.com/cafe-tradicional-grano-la-divisa-340-gr-3121049/p,3377103,4.943,7709126264077
778,Café NESCAFE dolce gusto vainilla (117.5 gr),117.5 gr,Café,NESCAFE,https://www.exito.com/nescafe-dolce-gusto-nescafe-vainilla-1175-gr-3198188/p,https://www.exito.com/nescafe-dolce-gusto-nescafe-vainilla-1175-gr-3198188/p,3641880,3.357,7891000405963
779,Chocolate SOL pastillas de cocoa (320 gr),320 gr,Chocolate,SOL,https://www.exito.com/pastilla-cocoa-menos-azucar-sol-320-gr-3066308/p,https://www.exito.com/pastilla-cocoa-menos-azucar-sol-320-gr-3066308/p,3191411,2.329,7702088204723
780,Cafe MATIZ CAPSULAS TENTACION CENTTO (42 gr),42 gr,Cafe,MATIZ CAPSULAS TENTACION CENTTO,https://www.exito.com/cafe-matiz-capsulas-tentacion-centto-42-gr-3194498/p,https://www.exito.com/cafe-matiz-capsulas-tentacion-centto-42-gr-3194498/p,3632527,2.357,7702032119554
781,Café NESCAFE mokaccino (90 gr),90 gr,Café,NESCAFE,https://www.exito.com/cafe-nescafe-mokaccino-90-gr-3198097/p,https://www.exito.com/cafe-nescafe-mokaccino-90-gr-3198097/p,3641571,1.457,7702024389002
782,Café AROMA instantáneo granulado jarra (170 gr),170 gr,Café,AROMA,https://www.exito.com/cafe-granulado-jarra-aroma-170-gr-237701/p,https://www.exito.com/cafe-granulado-jarra-aroma-170-gr-237701/p,589259,3.843,7707199660758
783,Café ALMENDRA SELECTA molido origen Fredonia (250 gr),250 gr,Café,ALMENDRA SELECTA,https://www.exito.com/cafe-almendra-selecta-408452/p,https://www.exito.com/cafe-almendra-selecta-408452/p,941137,4.800,7709990994940
784,Café LA DIVISA Especial Grano (340 gr),340 gr,Café,LA DIVISA,https://www.exito.com/cafe-especial-grano-la-divisa-340-gr-3121048/p,https://www.exito.com/cafe-especial-grano-la-divisa-340-gr-3121048/p,3377102,5.836,7709126264060
785,Café LA DIVISA Microlotes Grano (340 gr),340 gr,Café,LA DIVISA,https://www.exito.com/cafe-microlotes-grano-la-divisa-340-gr-3121046/p,https://www.exito.com/cafe-microlotes-grano-la-divisa-340-gr-3121046/p,3377100,7.371,7709126264053
786,Café JUAN VALDEZ Origen Huila grano (1000 gr),1000 gr,Café,JUAN VALDEZ,https://www.exito.com/cafe-huila-grano-juan-valdez-1000-gr-960642/p,https://www.exito.com/cafe-huila-grano-juan-valdez-1000-gr-960642/p,1417941,15.757,7701362008620
787,Café TOSTAO tostado gourmet (200 gr),200 gr,Café,TOSTAO,https://www.exito.com/cafe-tostao-gourmet-x-200-gr-tostao-200-gr-3198359/p,https://www.exito.com/cafe-tostao-gourmet-x-200-gr-tostao-200-gr-3198359/p,3642460,1.771,7708024204970
788,Café TAEQ tostado orgánico (250 gr),250 gr,Café,TAEQ,https://www.exito.com/cafe-taeq-tostado-organico-250-gr-3180825/p,https://www.exito.com/cafe-taeq-tostado-organico-250-gr-3180825/p,3582036,4.414,7701002038871
789,Café AMOR PERFECTO Origenes (350 gr),350 gr,Café,AMOR PERFECTO,https://www.exito.com/cafe-sabor-cacao-caramelo-huil-amor-perfecto-350-gr-3078951/p,https://www.exito.com/cafe-sabor-cacao-caramelo-huil-amor-perfecto-350-gr-3078951/p,3239045,6.136,7709576589911
790,Chocolate JUAN CHOCONAT (420 gr),420 gr,Chocolate,JUAN CHOCONAT,https://www.exito.com/chocolate-juan-choconat-420-gr-920967/p,https://www.exito.com/chocolate-juan-choconat-420-gr-920967/p,1617264,2.879,7709106774732
791,Café GINEBRAS (500 gr),500 gr,Café,GINEBRAS,https://www.exito.com/cafe-molido-ginebras-500-gr-872945/p,https://www.exito.com/cafe-molido-ginebras-500-gr-872945/p,671068,2.629,7702483100934
792,Café NESCAFE dolce gusto lungo (70 gr),70 gr,Café,NESCAFE,https://www.exito.com/nescafe-dolce-gusto-nescafe-lungo-70-gr-3198190/p,https://www.exito.com/nescafe-dolce-gusto-nescafe-lungo-70-gr-3198190/p,3641882,3.357,7891000406052
793,Café NESCAFE con leche (220 gr),220 gr,Café,NESCAFE,https://www.exito.com/cafe-nescafe-con-leche-220-gr-3198107/p,https://www.exito.com/cafe-nescafe-con-leche-220-gr-3198107/p,3641602,2.000,7702024962540
794,Café LA VEREDA molido tostión media origen Huila (283 gr),283 gr,Café,LA VEREDA,https://www.exito.com/cafe-huila-molido-la-vereda-283-gr-3133880/p,https://www.exito.com/cafe-huila-molido-la-vereda-283-gr-3133880/p,3426276,4.729,7708065772209
795,Café LA DIVISA Especial Molido (340 gr),340 gr,Café,LA DIVISA,https://www.exito.com/cafe-especial-molido-la-divisa-340-gr-3121050/p,https://www.exito.com/cafe-especial-molido-la-divisa-340-gr-3121050/p,3377104,5.836,7709126264091
796,Chocolate en polvo LYNE Endulzado (1664 gr),1664 gr,Chocolate,LYNE,https://www.exito.com/chocolate-light-endulzado-lyne-1664-gr-3122840/p,https://www.exito.com/chocolate-light-endulzado-lyne-1664-gr-3122840/p,3383745,26.114,7702007078039
797,Chocolate LUKER Sin Azuc 15% ExtraConte (200 gr),200 gr,Chocolate,LUKER,https://www.exito.com/of-choc-sin-azuc-20-ext-cont-chocoexpress-200-gr-912733/p,https://www.exito.com/of-choc-sin-azuc-20-ext-cont-chocoexpress-200-gr-912733/p,1275231,2.371,7702088199289
798,Café CHINCHINA molido origen Caldas (250 gr),250 gr,Café,CHINCHINA,https://www.exito.com/cafe-reserva-de-oro-molido-840493/p,https://www.exito.com/cafe-reserva-de-oro-molido-840493/p,1126973,3.250,7707314590090
799,Café TULIO Y MARIA molido premium origen Concordia (500 gr),500 gr,Café,TULIO Y MARIA,https://www.exito.com/cafe-premium-molido-tulmar-tulio-y-maria-500-gramo-833181/p,https://www.exito.com/cafe-premium-molido-tulmar-tulio-y-maria-500-gramo-833181/p,1110330,7.629,7709990606782
800,Drips café JUAN VALDEZ Origen Huila (50 gr),50 gr,Drips,JUAN VALDEZ,https://www.exito.com/cafe-drip-huila-x-50-gr-740534/p,https://www.exito.com/cafe-drip-huila-x-50-gr-740534/p,1027856,2.250,7701362013686
801,Café CAFE QUINDIO orgánico molido (340 gr),340 gr,Café,CAFE QUINDIO,https://www.exito.com/cafe-organico-molido-x-340-g-602778/p,https://www.exito.com/cafe-organico-molido-x-340-g-602778/p,701550,5.850,7702728230426
802,Café GINEBRAS (250 gr),250 gr,Café,GINEBRAS,https://www.exito.com/cafe-especial-ginebras-250-gr-486104/p,https://www.exito.com/cafe-especial-ginebras-250-gr-486104/p,827112,1.593,7702483200931
803,Café OMA Soluble Liofilizado (100 gr),100 gr,Café,OMA,https://www.exito.com/cafe-soluble-liofilizado-100-gr-475943/p,https://www.exito.com/cafe-soluble-liofilizado-100-gr-475943/p,921890,4.343,7702747008822
804,Café GRIAL molido arábico origen Concordia (340 gr),340 gr,Café,GRIAL,https://www.exito.com/cafe-especial-origen-39406/p,https://www.exito.com/cafe-especial-origen-39406/p,1390427,6.493,7709780809355
805,Café OMA selecta tostado y molido (400 gr),400 gr,Café,OMA,https://www.exito.com/cafe-obsequio-oma-cafe-tostado-molido-selecta-500-gr-3201593/p,https://www.exito.com/cafe-obsequio-oma-cafe-tostado-molido-selecta-500-gr-3201593/p,3657150,3.864,7702747742818
806,Café TOSTAO tostado supremo (200 gr),200 gr,Café,TOSTAO,https://www.exito.com/cafe-tostao-supremo-x-200-gr-tostao-200-gr-3198361/p,https://www.exito.com/cafe-tostao-supremo-x-200-gr-tostao-200-gr-3198361/p,3642462,2.057,7708024204062
807,Café CAFE QUINDIO cosecha especial (250 gr),250 gr,Café,CAFE QUINDIO,https://www.exito.com/cafe-cafe-quindio-chocolate-y-panela-250-gr-3183225/p,https://www.exito.com/cafe-cafe-quindio-chocolate-y-panela-250-gr-3183225/p,3591297,5.257,7702728232277
808,Café SALENTO Diversidad (340 gr),340 gr,Café,SALENTO,https://www.exito.com/cafe-salento-diversidad-340-gr-3182530/p,https://www.exito.com/cafe-salento-diversidad-340-gr-3182530/p,3587049,6.793,7707979019059
809,Café CAFE QUINDIO tostado papayo honey (250 gr),250 gr,Café,CAFE QUINDIO,https://www.exito.com/cafe-cafe-quindio-papayo-250-gr-3182321/p,https://www.exito.com/cafe-cafe-quindio-papayo-250-gr-3182321/p,3586290,12.829,7702728232222
810,Café PALOMA RIVERA Molido Exotic Whsikey (250 gr),250 gr,Café,PALOMA RIVERA,https://www.exito.com/cafe-paloma-rivera-molido-exotic-whsikey-250-gr-3181153/p,https://www.exito.com/cafe-paloma-rivera-molido-exotic-whsikey-250-gr-3181153/p,3582932,10.571,7708484000501
811,Café CAFE QUINDIO tostado notas vainilla dulce (250 gr),250 gr,Café,CAFE QUINDIO,https://www.exito.com/cafe-cafe-quindio-molido-notas-vainilla-dulce-cr-250-gr-3178198/p,https://www.exito.com/cafe-cafe-quindio-molido-notas-vainilla-dulce-cr-250-gr-3178198/p,3573759,5.300,7702728232161
812,Café con leche COLCAFE Mezcla instántánea (132 gr),132 gr,Café,COLCAFE,https://www.exito.com/cafe-con-leche-pleg-colcafe-132-gr-3161772/p,https://www.exito.com/cafe-con-leche-pleg-colcafe-132-gr-3161772/p,3537582,1.133,7702032117796
813,Café con leche COLCAFE Mezcla instántánea (880 gr),880 gr,Café,COLCAFE,https://www.exito.com/cafe-con-leche-cojin-colcafe-880-gr-3161771/p,https://www.exito.com/cafe-con-leche-cojin-colcafe-880-gr-3161771/p,3537581,6.471,7702032117871
814,Chocolate AUTOR de mesa con panela y especias (400 gr),400 gr,Chocolate,AUTOR,https://www.exito.com/chocolate-mesa-panela-y-especias-autor-400-gr-3149123/p,https://www.exito.com/chocolate-mesa-panela-y-especias-autor-400-gr-3149123/p,3485288,6.550,7701081483739
815,Chocolate JUAN CHOCONAT (300 gr),300 gr,Chocolate,JUAN CHOCONAT,https://www.exito.com/chocolate-de-mesa-85-cacao-juan-choconat-300-gr-3133479/p,https://www.exito.com/chocolate-de-mesa-85-cacao-juan-choconat-300-gr-3133479/p,3424331,4.400,7709802394845
816,Café DORIGENN (340 gr),340 gr,Café,DORIGENN,https://www.exito.com/cafe-caribe-grano-dorigenn-340-gr-3133047/p,https://www.exito.com/cafe-caribe-grano-dorigenn-340-gr-3133047/p,3422826,5.693,7709903823190
817,Chocolate en polvo LYNE Clavos y canela (1664 gr),1664 gr,Chocolate,LYNE,https://www.exito.com/chocolate-light-clavos-y-canela-lyne-1664-gr-3122841/p,https://www.exito.com/chocolate-light-clavos-y-canela-lyne-1664-gr-3122841/p,3383746,26.114,7702007077964
818,Chocolate en polvo LYNE Clásico (1664 gr),1664 gr,Chocolate,LYNE,https://www.exito.com/chocolate-light-clasico-lyne-1664-gr-3122834/p,https://www.exito.com/chocolate-light-clasico-lyne-1664-gr-3122834/p,3383739,23.429,7702007077889
819,Café LA DIVISA Tradicional Molido (340 gr),340 gr,Café,LA DIVISA,https://www.exito.com/cafe-tradicional-molido-la-divisa-340-gr-3121006/p,https://www.exito.com/cafe-tradicional-molido-la-divisa-340-gr-3121006/p,3377003,4.943,7709126264008
820,CAFÉ LA MANCHURIA HONEY Café La Manchuria (340 gr),340 gr,CAFÉ,CAFÉ LA MANCHURIA HONEY,https://www.exito.com/cafe-origen-honey-molido-cafe-la-manchuria-340-gr-3089042/p,https://www.exito.com/cafe-origen-honey-molido-cafe-la-manchuria-340-gr-3089042/p,3281049,6.471,0737186527389
821,CAFE LA MANCHURIA PREMIUM Café La Manchuria (340 gr),340 gr,CAFE,CAFE LA MANCHURIA PREMIUM,https://www.exito.com/cafe-origen-premium-molido-cafe-la-manchuria-340-gr-3089041/p,https://www.exito.com/cafe-origen-premium-molido-cafe-la-manchuria-340-gr-3089041/p,3281048,5.550,0737186527372
822,Café AGUILA ROJA SUPREMO MOLIDO (340 gr),340 gr,Café,AGUILA ROJA SUPREMO MOLIDO,https://www.exito.com/cafe-tostado-y-molido-supremo-aguila-roja-340-gr-3087878/p,https://www.exito.com/cafe-tostado-y-molido-supremo-aguila-roja-340-gr-3087878/p,3276480,3.871,7702040407544
823,cafe GINEBRAS Cafe Molido Mujeres Cafeteras (500 gr),500 gr,cafe,GINEBRAS,https://www.exito.com/cafe-molido-mujeres-cafeteras-ginebras-500-gr-3047948/p,https://www.exito.com/cafe-molido-mujeres-cafeteras-ginebras-500-gr-3047948/p,3133085,6.079,7702483110926
824,cafe GINEBRAS GOURMET TOSTADO MOL. (500 gr),500 gr,cafe,GINEBRAS GOURMET TOSTADO MOL.,https://www.exito.com/cafe-gourmet-tostado-mol-ginebras-500-gr-3047945/p,https://www.exito.com/cafe-gourmet-tostado-mol-ginebras-500-gr-3047945/p,3133082,5.900,7702483103027
825,Café EVOK tostado y molido (340 gr),340 gr,Café,EVOK,https://www.exito.com/cafe-tostado-y-molido-evok-340-gr-3030197/p,https://www.exito.com/cafe-tostado-y-molido-evok-340-gr-3030197/p,3064503,5.743,7709501647570
826,Café MONTIE COFFEE molido descafeinado Eje Cafetero (340 gr),340 gr,Café,MONTIE COFFEE,https://www.exito.com/cafe-descafeinado-x-340-g-227891/p,https://www.exito.com/cafe-descafeinado-x-340-g-227891/p,1524138,8.257,7709925373932
827,Café AROMA granulado (85 gr),85 gr,Café,AROMA,https://www.exito.com/cafe-granulado-aroma-85-gr-205472/p,https://www.exito.com/cafe-granulado-aroma-85-gr-205472/p,103214,2.221,7707199660543
828,Café CORDOBA (85 gr),85 gr,Café,CORDOBA,https://www.exito.com/cafe-instantaneo-cordoba-85-gr-194395/p,https://www.exito.com/cafe-instantaneo-cordoba-85-gr-194395/p,626233,1.457,7707108500298
829,Café JUAN VALDEZ Origen Huila molido (283 gr),283 gr,Café,JUAN VALDEZ,https://www.exito.com/cafe-molido-huila-x-283-gramos-135802/p,https://www.exito.com/cafe-molido-huila-x-283-gramos-135802/p,907297,6.157,7701362002956
